Country_Code,Standard_Country,Year,Prosperity_Score
AFG,Afghanistan,2007,35.1334273654
ALB,Albania,2007,55.7087547802
DZA,Algeria,2007,48.1610851485
AGO,Angola,2007,37.3223342951
ARG,Argentina,2007,58.635378804
ARM,Armenia,2007,56.0821065913
AUS,Australia,2007,79.0107496594
AUT,Austria,2007,79.0870555873
AZE,Azerbaijan,2007,50.8344311377
BHR,Bahrain,2007,60.7884238112
BGD,Bangladesh,2007,43.8203373961
BLR,Belarus,2007,54.7328329388
BEL,Belgium,2007,76.6900472038
BLZ,Belize,2007,54.6236346374
BEN,Benin,2007,45.1306885883
BOL,Bolivia,2007,51.9584687837
BIH,Bosnia and Herzegovina,2007,55.9417209525
BWA,Botswana,2007,55.7619414647
BRA,Brazil,2007,59.1001913185
BGR,Bulgaria,2007,61.0197503908
BFA,Burkina Faso,2007,43.9120392612
BDI,Burundi,2007,33.3661824283
CPV,Cape Verde,2007,55.2333696963
KHM,Cambodia,2007,44.7355302044
CMR,Cameroon,2007,42.4008694682
CAN,Canada,2007,78.9278305874
CAF,Central African Republic,2007,35.1975389898
TCD,Chad,2007,32.7599202951
CHL,Chile,2007,69.071891466
CHN,China,2007,54.9138246373
COL,Colombia,2007,55.6242579003
COM,Comoros,2007,44.7671811099
COG,Congo,2007,40.3936710564
CRI,Costa Rica,2007,66.6230008148
HRV,Croatia,2007,65.6021377768
CUB,Cuba,2007,52.6914592263
CYP,Cyprus,2007,69.6170628005
CZE,Czechia,2007,70.4725798542
CIV,Ivory Coast,2007,41.9168169504
COD,"Congo, Democratic Republic of the",2007,34.5788944869
DNK,Denmark,2007,83.6242582978
DJI,Djibouti,2007,46.2951798865
DOM,Dominican Republic,2007,55.3926641137
ECU,Ecuador,2007,53.5707055142
EGY,"Egypt, Arab Republic of",2007,47.9862010458
SLV,El Salvador,2007,55.2598466563
GNQ,Equatorial Guinea,2007,45.6359816398
ERI,Eritrea,2007,35.5107077614
EST,Estonia,2007,71.867570352
SWZ,Swaziland,2007,43.0969974067
ETH,Ethiopia,2007,37.793867024
FIN,Finland,2007,82.1907895865
FRA,France,2007,75.6563550348
GAB,Gabon,2007,47.2722546568
GEO,Georgia,2007,56.1672692627
DEU,Germany,2007,79.4065212412
GHA,Ghana,2007,52.6317904852
GRC,Greece,2007,67.0414540992
GTM,Guatemala,2007,52.121452434
GIN,Guinea,2007,39.374765369
GNB,Guinea-Bissau,2007,39.0876979953
GUY,Guyana,2007,52.5128510346
HTI,Haiti,2007,37.9649445379
HND,Honduras,2007,51.6810714075
HKG,Hong Kong,2007,78.0274529068
HUN,Hungary,2007,66.9284236973
ISL,Iceland,2007,80.7400620553
IND,India,2007,49.4200519172
IDN,Indonesia,2007,53.8188044937
IRN,"Iran, Islamic Republic of",2007,46.8531080949
IRQ,Iraq,2007,40.3467628571
IRL,Ireland,2007,79.3098097854
ISR,Israel,2007,69.2092155301
ITA,Italy,2007,71.1069601471
JAM,Jamaica,2007,59.0298903276
JPN,Japan,2007,76.4398155072
JOR,Jordan,2007,57.0863818761
KAZ,Kazakhstan,2007,54.6891790438
KEN,Kenya,2007,47.446635279
KWT,Kuwait,2007,60.8879148336
KGZ,Kyrgyzstan,2007,49.2888287264
LAO,Lao PDR,2007,44.8516651909
LVA,Latvia,2007,68.1036609265
LBN,Lebanon,2007,55.2543981721
LSO,Lesotho,2007,43.9919240223
LBR,Liberia,2007,41.9019000338
LBY,Libya,2007,46.4100442019
LTU,Lithuania,2007,66.8991399374
LUX,Luxembourg,2007,80.1244708536
MDG,Madagascar,2007,44.9695546714
MWI,Malawi,2007,44.9765059915
MYS,Malaysia,2007,63.626648509
MLI,Mali,2007,45.0648480389
MLT,Malta,2007,72.0570213578
MRT,Mauritania,2007,40.1557268425
MUS,Mauritius,2007,64.2848029854
MEX,Mexico,2007,59.566660703
MDA,Moldova,2007,52.6808343438
MNG,Mongolia,2007,52.9337342313
MNE,Montenegro,2007,60.3821047147
MAR,Morocco,2007,51.527990325
MOZ,Mozambique,2007,42.047455848
MMR,Myanmar,2007,38.9322880568
NAM,Namibia,2007,54.4233925205
NPL,Nepal,2007,43.7225780926
NLD,Netherlands,2007,80.7873291545
NZL,New Zealand,2007,80.5334329336
NIC,Nicaragua,2007,51.2554089809
NER,Niger,2007,41.725203432
NGA,Nigeria,2007,42.9384207626
MKD,North Macedonia,2007,57.595801826
NOR,Norway,2007,82.2081928233
OMN,Oman,2007,57.6864288559
PAK,Pakistan,2007,41.6453347209
PAN,Panama,2007,62.7894822487
PNG,Papua New Guinea,2007,46.5499580035
PRY,Paraguay,2007,54.1454952652
PER,Peru,2007,56.7662676566
PHL,Philippines,2007,54.1917954379
POL,Poland,2007,66.6885584344
PRT,Portugal,2007,71.9894521281
QAT,Qatar,2007,61.8839054159
ROU,Romania,2007,61.6791644116
RUS,Russia,2007,53.1466401011
RWA,Rwanda,2007,46.277848383
SAU,Saudi Arabia,2007,53.5738567419
SEN,Senegal,2007,49.0476366819
SRB,Serbia,2007,57.1280102573
SYC,Seychelles,2007,61.7852767577
SLE,Sierra Leone,2007,40.7683370928
SGP,Singapore,2007,75.8888517532
SVK,Slovakia,2007,68.8101349244
SVN,Slovenia,2007,72.9418246291
SOM,Somalia,2007,32.5348419448
ZAF,South Africa,2007,57.2306308097
KOR,"Korea, Republic of",2007,72.3272630198
SSD,South Sudan,2007,33.9919125238
ESP,Spain,2007,73.6717347676
LKA,Sri Lanka,2007,53.6549543036
SDN,Sudan,2007,39.3840479411
SUR,Suriname,2007,56.3237454376
SWE,Sweden,2007,83.004530265
CHE,Switzerland,2007,81.6055513473
SYR,Syria,2007,44.2034223058
STP,São Tomé and Príncipe,2007,54.0979131034
TWN,"Taiwan, China",2007,74.1145868961
TJK,Tajikistan,2007,46.5777449637
TZA,Tanzania,2007,45.5074012593
THA,Thailand,2007,60.0545306251
GMB,The Gambia,2007,46.6495475407
TGO,Togo,2007,39.3484055926
TTO,Trinidad and Tobago,2007,61.3819770534
TUN,Tunisia,2007,55.2711576258
TUR,Turkiye,2007,56.1429189214
TKM,Turkmenistan,2007,49.2879528425
UGA,Uganda,2007,42.669686779
UKR,Ukraine,2007,54.7905811483
ARE,United Arab Emirates,2007,63.3510834864
GBR,United Kingdom,2007,78.7837410394
USA,United States,2007,77.1222995328
URY,Uruguay,2007,65.2712205109
UZB,Uzbekistan,2007,47.1109531932
VEN,"Venezuela, RB",2007,50.2318487594
VNM,Viet Nam,2007,52.7376221339
YEM,"Yemen, Republic of",2007,37.3220981097
ZMB,Zambia,2007,47.5939551808
ZWE,Zimbabwe,2007,39.733434114
AFG,Afghanistan,2008,35.3991033929
ALB,Albania,2008,55.8604206071
DZA,Algeria,2008,48.909979148
AGO,Angola,2008,37.4140399451
ARG,Argentina,2008,59.2006908584
ARM,Armenia,2008,56.413337642
AUS,Australia,2008,79.2701100718
AUT,Austria,2008,79.1242185115
AZE,Azerbaijan,2008,50.9404196745
BHR,Bahrain,2008,61.005410985
BGD,Bangladesh,2008,43.8562327131
BLR,Belarus,2008,55.2359080959
BEL,Belgium,2008,76.8452718415
BLZ,Belize,2008,54.8231258866
BEN,Benin,2008,45.1021768376
BOL,Bolivia,2008,52.043259698
BIH,Bosnia and Herzegovina,2008,56.4485566989
BWA,Botswana,2008,56.0010828844
BRA,Brazil,2008,59.3027760938
BGR,Bulgaria,2008,61.1671249129
BFA,Burkina Faso,2008,43.6040808643
BDI,Burundi,2008,34.7359103039
CPV,Cape Verde,2008,55.4629663395
KHM,Cambodia,2008,45.0807651011
CMR,Cameroon,2008,42.604737886
CAN,Canada,2008,78.8920070177
CAF,Central African Republic,2008,34.6029169845
TCD,Chad,2008,32.2417208156
CHL,Chile,2008,69.1941398301
CHN,China,2008,54.962893224
COL,Colombia,2008,55.6758247708
COM,Comoros,2008,44.8693770354
COG,Congo,2008,40.2899143977
CRI,Costa Rica,2008,66.90932447
HRV,Croatia,2008,65.5900699814
CUB,Cuba,2008,52.7656183528
CYP,Cyprus,2008,70.0829142174
CZE,Czechia,2008,71.1859995547
CIV,Ivory Coast,2008,41.9426700895
COD,"Congo, Democratic Republic of the",2008,35.3011476633
DNK,Denmark,2008,83.7782608535
DJI,Djibouti,2008,46.2286244745
DOM,Dominican Republic,2008,55.8124498187
ECU,Ecuador,2008,53.5949713581
EGY,"Egypt, Arab Republic of",2008,48.195209345
SLV,El Salvador,2008,55.4832007164
GNQ,Equatorial Guinea,2008,45.7396999101
ERI,Eritrea,2008,34.9956694772
EST,Estonia,2008,72.409513795
SWZ,Swaziland,2008,42.9788711651
ETH,Ethiopia,2008,38.3437318143
FIN,Finland,2008,82.2519176744
FRA,France,2008,76.0950466746
GAB,Gabon,2008,46.9765629524
GEO,Georgia,2008,56.7693793917
DEU,Germany,2008,79.873060972
GHA,Ghana,2008,52.7178744771
GRC,Greece,2008,67.148796148
GTM,Guatemala,2008,52.4627076601
GIN,Guinea,2008,39.9906396498
GNB,Guinea-Bissau,2008,38.9437222036
GUY,Guyana,2008,53.077601706
HTI,Haiti,2008,38.2719482407
HND,Honduras,2008,52.0341591917
HKG,Hong Kong,2008,78.1676897499
HUN,Hungary,2008,67.3270759527
ISL,Iceland,2008,80.8667420897
IND,India,2008,49.5276045575
IDN,Indonesia,2008,54.5654484365
IRN,"Iran, Islamic Republic of",2008,46.0374470106
IRQ,Iraq,2008,40.4273777363
IRL,Ireland,2008,79.4086543395
ISR,Israel,2008,69.2739734336
ITA,Italy,2008,71.665074211
JAM,Jamaica,2008,59.2907209365
JPN,Japan,2008,76.5172655972
JOR,Jordan,2008,56.6896420298
KAZ,Kazakhstan,2008,54.3757029231
KEN,Kenya,2008,47.6517477649
KWT,Kuwait,2008,60.9728778432
KGZ,Kyrgyzstan,2008,49.8769553385
LAO,Lao PDR,2008,45.0924612503
LVA,Latvia,2008,68.6178186084
LBN,Lebanon,2008,54.9144026532
LSO,Lesotho,2008,43.8815231445
LBR,Liberia,2008,42.0102973506
LBY,Libya,2008,46.3144900117
LTU,Lithuania,2008,67.051011235
LUX,Luxembourg,2008,80.16517781
MDG,Madagascar,2008,44.894637063
MWI,Malawi,2008,45.2593414277
MYS,Malaysia,2008,63.8290084078
MLI,Mali,2008,44.696304899
MLT,Malta,2008,72.1555166638
MRT,Mauritania,2008,39.7256526228
MUS,Mauritius,2008,64.2095758715
MEX,Mexico,2008,59.5322267355
MDA,Moldova,2008,52.4986698661
MNG,Mongolia,2008,52.9180719004
MNE,Montenegro,2008,60.524266856
MAR,Morocco,2008,51.4522717863
MOZ,Mozambique,2008,42.6151170846
MMR,Myanmar,2008,39.1239559596
NAM,Namibia,2008,55.0279303308
NPL,Nepal,2008,44.109096064
NLD,Netherlands,2008,80.9958023923
NZL,New Zealand,2008,80.5259728343
NIC,Nicaragua,2008,51.8980221441
NER,Niger,2008,41.8577450991
NGA,Nigeria,2008,43.2045456122
MKD,North Macedonia,2008,57.7796424087
NOR,Norway,2008,82.3699205414
OMN,Oman,2008,57.5502020564
PAK,Pakistan,2008,41.6921560716
PAN,Panama,2008,62.7257185445
PNG,Papua New Guinea,2008,46.7927609177
PRY,Paraguay,2008,54.282057609
PER,Peru,2008,57.1730653962
PHL,Philippines,2008,54.2968754723
POL,Poland,2008,67.2663090691
PRT,Portugal,2008,72.1919811397
QAT,Qatar,2008,61.8780218124
ROU,Romania,2008,62.3179179848
RUS,Russia,2008,53.9787822698
RWA,Rwanda,2008,47.0203409562
SAU,Saudi Arabia,2008,53.8436051708
SEN,Senegal,2008,49.0931998738
SRB,Serbia,2008,57.5765212593
SYC,Seychelles,2008,62.2043610959
SLE,Sierra Leone,2008,41.7172564115
SGP,Singapore,2008,76.4241268382
SVK,Slovakia,2008,69.0569483519
SVN,Slovenia,2008,72.867691164
SOM,Somalia,2008,32.641358
ZAF,South Africa,2008,57.35648415
KOR,"Korea, Republic of",2008,72.6352515416
SSD,South Sudan,2008,34.0239614211
ESP,Spain,2008,73.3723587245
LKA,Sri Lanka,2008,53.8347892731
SDN,Sudan,2008,38.9991998302
SUR,Suriname,2008,56.8754265037
SWE,Sweden,2008,83.0083255709
CHE,Switzerland,2008,81.7142877841
SYR,Syria,2008,44.2677276598
STP,São Tomé and Príncipe,2008,54.319716895
TWN,"Taiwan, China",2008,74.2444188109
TJK,Tajikistan,2008,47.1748588402
TZA,Tanzania,2008,45.892982615
THA,Thailand,2008,59.704037181
GMB,The Gambia,2008,46.6324571805
TGO,Togo,2008,39.4248620887
TTO,Trinidad and Tobago,2008,61.4048117195
TUN,Tunisia,2008,55.1425063195
TUR,Turkiye,2008,56.2987929552
TKM,Turkmenistan,2008,49.7503827402
UGA,Uganda,2008,43.6191980904
UKR,Ukraine,2008,54.9462942958
ARE,United Arab Emirates,2008,63.4238208693
GBR,United Kingdom,2008,78.4541342233
USA,United States,2008,77.1023597883
URY,Uruguay,2008,65.5591427121
UZB,Uzbekistan,2008,47.7271537598
VEN,"Venezuela, RB",2008,50.4626005006
VNM,Viet Nam,2008,53.2847870147
YEM,"Yemen, Republic of",2008,37.9958435982
ZMB,Zambia,2008,47.786034626
ZWE,Zimbabwe,2008,39.5261125058
AFG,Afghanistan,2009,34.835088402
ALB,Albania,2009,55.8011956853
DZA,Algeria,2009,48.2800459789
AGO,Angola,2009,39.096420868
ARG,Argentina,2009,58.8866639072
ARM,Armenia,2009,57.0978203418
AUS,Australia,2009,79.2714809644
AUT,Austria,2009,79.2359977168
AZE,Azerbaijan,2009,50.9995783192
BHR,Bahrain,2009,61.4640701799
BGD,Bangladesh,2009,44.3104967922
BLR,Belarus,2009,54.5701400706
BEL,Belgium,2009,77.0152693352
BLZ,Belize,2009,55.0173763332
BEN,Benin,2009,45.6692771904
BOL,Bolivia,2009,51.0522435126
BIH,Bosnia and Herzegovina,2009,56.4944198247
BWA,Botswana,2009,55.8593148783
BRA,Brazil,2009,59.6285183001
BGR,Bulgaria,2009,61.6564353732
BFA,Burkina Faso,2009,43.7247266315
BDI,Burundi,2009,35.3878185915
CPV,Cape Verde,2009,55.5184857619
KHM,Cambodia,2009,45.2634078596
CMR,Cameroon,2009,43.1547181724
CAN,Canada,2009,78.9369649698
CAF,Central African Republic,2009,34.7180615324
TCD,Chad,2009,32.3411692508
CHL,Chile,2009,69.0596715475
CHN,China,2009,56.3188629563
COL,Colombia,2009,55.884150163
COM,Comoros,2009,44.3494591867
COG,Congo,2009,40.665144276
CRI,Costa Rica,2009,67.5700717118
HRV,Croatia,2009,65.8147763308
CUB,Cuba,2009,53.0195768023
CYP,Cyprus,2009,70.7278748966
CZE,Czechia,2009,71.3692489731
CIV,Ivory Coast,2009,42.0173092661
COD,"Congo, Democratic Republic of the",2009,35.2475300832
DNK,Denmark,2009,83.6367202663
DJI,Djibouti,2009,46.9530811772
DOM,Dominican Republic,2009,55.6348391524
ECU,Ecuador,2009,53.7070850971
EGY,"Egypt, Arab Republic of",2009,48.1284340178
SLV,El Salvador,2009,54.9915849926
GNQ,Equatorial Guinea,2009,46.137788817
ERI,Eritrea,2009,35.0414468687
EST,Estonia,2009,72.5190277935
SWZ,Swaziland,2009,43.3970486856
ETH,Ethiopia,2009,38.6892672529
FIN,Finland,2009,82.4184786593
FRA,France,2009,76.1492667119
GAB,Gabon,2009,47.3019397224
GEO,Georgia,2009,57.5041069829
DEU,Germany,2009,79.8496288534
GHA,Ghana,2009,52.6256087559
GRC,Greece,2009,66.8553302588
GTM,Guatemala,2009,52.7822981651
GIN,Guinea,2009,39.5765341432
GNB,Guinea-Bissau,2009,39.4788915835
GUY,Guyana,2009,53.5063536406
HTI,Haiti,2009,38.6037459717
HND,Honduras,2009,52.2544101083
HKG,Hong Kong,2009,77.936466991
HUN,Hungary,2009,67.2477452478
ISL,Iceland,2009,80.3202993417
IND,India,2009,49.3411985677
IDN,Indonesia,2009,55.1679444198
IRN,"Iran, Islamic Republic of",2009,46.1824882267
IRQ,Iraq,2009,40.9931044362
IRL,Ireland,2009,79.3584207832
ISR,Israel,2009,68.6587924071
ITA,Italy,2009,71.1539899571
JAM,Jamaica,2009,59.0375983665
JPN,Japan,2009,76.5145247001
JOR,Jordan,2009,56.6913121985
KAZ,Kazakhstan,2009,54.4321850337
KEN,Kenya,2009,48.1993914102
KWT,Kuwait,2009,60.7923971789
KGZ,Kyrgyzstan,2009,50.2419068735
LAO,Lao PDR,2009,45.7483091835
LVA,Latvia,2009,68.4178676366
LBN,Lebanon,2009,54.8691789065
LSO,Lesotho,2009,44.0415518545
LBR,Liberia,2009,41.9357105531
LBY,Libya,2009,46.8369394303
LTU,Lithuania,2009,67.5271055551
LUX,Luxembourg,2009,80.148863189
MDG,Madagascar,2009,45.2261443401
MWI,Malawi,2009,46.3083778167
MYS,Malaysia,2009,63.4545300696
MLI,Mali,2009,44.8124298362
MLT,Malta,2009,72.3560655913
MRT,Mauritania,2009,40.2156941386
MUS,Mauritius,2009,64.4263731439
MEX,Mexico,2009,58.8471103068
MDA,Moldova,2009,52.9236180194
MNG,Mongolia,2009,51.9742724359
MNE,Montenegro,2009,60.501627438
MAR,Morocco,2009,52.0265600348
MOZ,Mozambique,2009,42.9436684916
MMR,Myanmar,2009,39.0643978672
NAM,Namibia,2009,55.4077816403
NPL,Nepal,2009,45.2777927359
NLD,Netherlands,2009,81.5030196206
NZL,New Zealand,2009,80.0435149699
NIC,Nicaragua,2009,52.0986373016
NER,Niger,2009,41.3517020964
NGA,Nigeria,2009,44.4385889582
MKD,North Macedonia,2009,58.9373072434
NOR,Norway,2009,82.6759440532
OMN,Oman,2009,58.3209292496
PAK,Pakistan,2009,40.9508834624
PAN,Panama,2009,63.0380103442
PNG,Papua New Guinea,2009,47.0963411699
PRY,Paraguay,2009,54.0307497171
PER,Peru,2009,58.17259279
PHL,Philippines,2009,54.0244995135
POL,Poland,2009,67.5416130625
PRT,Portugal,2009,72.3299710728
QAT,Qatar,2009,61.7408150091
ROU,Romania,2009,62.5951298453
RUS,Russia,2009,54.5643340511
RWA,Rwanda,2009,46.85462533
SAU,Saudi Arabia,2009,53.6591905456
SEN,Senegal,2009,50.2770048843
SRB,Serbia,2009,58.0362017273
SYC,Seychelles,2009,62.5837608405
SLE,Sierra Leone,2009,41.8375932414
SGP,Singapore,2009,77.0379103953
SVK,Slovakia,2009,68.9529703083
SVN,Slovenia,2009,73.5738827321
SOM,Somalia,2009,32.4893742219
ZAF,South Africa,2009,57.3899902328
KOR,"Korea, Republic of",2009,72.6580127658
SSD,South Sudan,2009,34.0141553574
ESP,Spain,2009,73.4415260712
LKA,Sri Lanka,2009,52.8324688779
SDN,Sudan,2009,39.3005635505
SUR,Suriname,2009,56.8726027839
SWE,Sweden,2009,83.1142168212
CHE,Switzerland,2009,81.8859402167
SYR,Syria,2009,44.1855848386
STP,São Tomé and Príncipe,2009,54.2166396065
TWN,"Taiwan, China",2009,74.5109520036
TJK,Tajikistan,2009,47.2720967388
TZA,Tanzania,2009,46.0665304243
THA,Thailand,2009,59.5456172858
GMB,The Gambia,2009,46.9276998415
TGO,Togo,2009,39.4650440187
TTO,Trinidad and Tobago,2009,61.4460233232
TUN,Tunisia,2009,55.4795549506
TUR,Turkiye,2009,56.029795104
TKM,Turkmenistan,2009,49.7180241367
UGA,Uganda,2009,43.5698611091
UKR,Ukraine,2009,55.2896239316
ARE,United Arab Emirates,2009,63.7956059593
GBR,United Kingdom,2009,78.4389450878
USA,United States,2009,77.8642714119
URY,Uruguay,2009,65.9369814924
UZB,Uzbekistan,2009,47.8516377418
VEN,"Venezuela, RB",2009,49.5962362114
VNM,Viet Nam,2009,54.0029812347
YEM,"Yemen, Republic of",2009,37.8380619145
ZMB,Zambia,2009,47.9825558651
ZWE,Zimbabwe,2009,39.6060642225
AFG,Afghanistan,2010,34.9836050172
ALB,Albania,2010,56.6275097778
DZA,Algeria,2010,48.6111875067
AGO,Angola,2010,39.0876902507
ARG,Argentina,2010,59.4026147058
ARM,Armenia,2010,56.0501653601
AUS,Australia,2010,79.1033808857
AUT,Austria,2010,79.0672255948
AZE,Azerbaijan,2010,51.3362002158
BHR,Bahrain,2010,61.1945305898
BGD,Bangladesh,2010,44.6041496045
BLR,Belarus,2010,55.271945399
BEL,Belgium,2010,76.516495779
BLZ,Belize,2010,55.525608965
BEN,Benin,2010,45.5453274939
BOL,Bolivia,2010,51.1591682357
BIH,Bosnia and Herzegovina,2010,56.4229047393
BWA,Botswana,2010,55.8840611809
BRA,Brazil,2010,60.1373333161
BGR,Bulgaria,2010,62.1332600472
BFA,Burkina Faso,2010,43.6126004311
BDI,Burundi,2010,36.6593203504
CPV,Cape Verde,2010,55.4625295744
KHM,Cambodia,2010,45.9001376795
CMR,Cameroon,2010,42.7069018439
CAN,Canada,2010,78.8022866578
CAF,Central African Republic,2010,34.9113939729
TCD,Chad,2010,32.4515286138
CHL,Chile,2010,68.9561543737
CHN,China,2010,56.600576357
COL,Colombia,2010,56.1630052416
COM,Comoros,2010,44.1227956841
COG,Congo,2010,40.8420751273
CRI,Costa Rica,2010,67.1404838489
HRV,Croatia,2010,65.4100168223
CUB,Cuba,2010,53.0920743885
CYP,Cyprus,2010,71.0238774747
CZE,Czechia,2010,71.5191060773
CIV,Ivory Coast,2010,42.3713282259
COD,"Congo, Democratic Republic of the",2010,35.6032171734
DNK,Denmark,2010,83.0166498963
DJI,Djibouti,2010,47.2282527358
DOM,Dominican Republic,2010,55.9829287784
ECU,Ecuador,2010,52.8597425666
EGY,"Egypt, Arab Republic of",2010,48.2054537864
SLV,El Salvador,2010,54.7528358613
GNQ,Equatorial Guinea,2010,46.0640835614
ERI,Eritrea,2010,35.1229725091
EST,Estonia,2010,72.3064960421
SWZ,Swaziland,2010,43.1317592167
ETH,Ethiopia,2010,39.1976909747
FIN,Finland,2010,81.9663122896
FRA,France,2010,75.8924414445
GAB,Gabon,2010,47.8154378644
GEO,Georgia,2010,57.6633026174
DEU,Germany,2010,79.9143629233
GHA,Ghana,2010,52.6240529881
GRC,Greece,2010,66.5837684494
GTM,Guatemala,2010,53.2103167079
GIN,Guinea,2010,38.8834820895
GNB,Guinea-Bissau,2010,39.544833827
GUY,Guyana,2010,53.9218557982
HTI,Haiti,2010,39.145322459
HND,Honduras,2010,51.8248818312
HKG,Hong Kong,2010,78.2423177945
HUN,Hungary,2010,66.8970401097
ISL,Iceland,2010,79.6070987854
IND,India,2010,49.7316357711
IDN,Indonesia,2010,55.8132244673
IRN,"Iran, Islamic Republic of",2010,46.0218704717
IRQ,Iraq,2010,40.8240108809
IRL,Ireland,2010,78.7851496887
ISR,Israel,2010,68.4000245071
ITA,Italy,2010,70.6552577448
JAM,Jamaica,2010,58.6191633634
JPN,Japan,2010,75.9372283822
JOR,Jordan,2010,56.3327831886
KAZ,Kazakhstan,2010,54.2071600031
KEN,Kenya,2010,48.1293900681
KWT,Kuwait,2010,60.5738715254
KGZ,Kyrgyzstan,2010,50.3148291847
LAO,Lao PDR,2010,46.1916992595
LVA,Latvia,2010,67.8779200351
LBN,Lebanon,2010,54.8026014711
LSO,Lesotho,2010,44.3783092232
LBR,Liberia,2010,43.0277406101
LBY,Libya,2010,46.3495558792
LTU,Lithuania,2010,66.6842244385
LUX,Luxembourg,2010,80.1256063507
MDG,Madagascar,2010,45.0465515061
MWI,Malawi,2010,46.1428131639
MYS,Malaysia,2010,63.3390267732
MLI,Mali,2010,44.5963481663
MLT,Malta,2010,72.0977953123
MRT,Mauritania,2010,40.3128747069
MUS,Mauritius,2010,64.5185553913
MEX,Mexico,2010,58.657169304
MDA,Moldova,2010,52.9005483242
MNG,Mongolia,2010,52.2153198115
MNE,Montenegro,2010,61.010733048
MAR,Morocco,2010,51.837432815
MOZ,Mozambique,2010,42.9425940057
MMR,Myanmar,2010,39.5239873577
NAM,Namibia,2010,55.8403136502
NPL,Nepal,2010,46.6700645906
NLD,Netherlands,2010,81.175150608
NZL,New Zealand,2010,80.1602970389
NIC,Nicaragua,2010,52.3064304569
NER,Niger,2010,40.7869391364
NGA,Nigeria,2010,43.1380702093
MKD,North Macedonia,2010,59.4649961807
NOR,Norway,2010,82.3432033293
OMN,Oman,2010,58.6914225171
PAK,Pakistan,2010,41.0711719763
PAN,Panama,2010,63.1317539102
PNG,Papua New Guinea,2010,47.0736034896
PRY,Paraguay,2010,54.6455815214
PER,Peru,2010,58.3048237777
PHL,Philippines,2010,54.3758427696
POL,Poland,2010,67.9284200278
PRT,Portugal,2010,71.9510773322
QAT,Qatar,2010,61.9470350046
ROU,Romania,2010,62.3317022596
RUS,Russia,2010,53.9165613877
RWA,Rwanda,2010,47.4518219277
SAU,Saudi Arabia,2010,52.7736469698
SEN,Senegal,2010,49.9798627941
SRB,Serbia,2010,58.482713874
SYC,Seychelles,2010,62.3823085136
SLE,Sierra Leone,2010,41.7099517587
SGP,Singapore,2010,76.806461739
SVK,Slovakia,2010,68.899164204
SVN,Slovenia,2010,73.4703239004
SOM,Somalia,2010,31.9798292697
ZAF,South Africa,2010,57.031892678
KOR,"Korea, Republic of",2010,71.6611641896
SSD,South Sudan,2010,34.1563995266
ESP,Spain,2010,73.001143604
LKA,Sri Lanka,2010,52.9090022773
SDN,Sudan,2010,39.3751948478
SUR,Suriname,2010,57.3206822825
SWE,Sweden,2010,82.7843927847
CHE,Switzerland,2010,81.8428385053
SYR,Syria,2010,43.5850711182
STP,São Tomé and Príncipe,2010,54.3519248476
TWN,"Taiwan, China",2010,74.254853727
TJK,Tajikistan,2010,47.3357418174
TZA,Tanzania,2010,46.2235132876
THA,Thailand,2010,59.8006371425
GMB,The Gambia,2010,47.5970565883
TGO,Togo,2010,38.9403845151
TTO,Trinidad and Tobago,2010,61.2544371123
TUN,Tunisia,2010,55.5354786966
TUR,Turkiye,2010,55.7816035931
TKM,Turkmenistan,2010,50.0359136995
UGA,Uganda,2010,44.0943887108
UKR,Ukraine,2010,55.0162036507
ARE,United Arab Emirates,2010,63.4831839091
GBR,United Kingdom,2010,78.0965220828
USA,United States,2010,77.5271327919
URY,Uruguay,2010,66.7080259255
UZB,Uzbekistan,2010,48.3862333871
VEN,"Venezuela, RB",2010,48.7905618148
VNM,Viet Nam,2010,53.8483412643
YEM,"Yemen, Republic of",2010,37.82638022
ZMB,Zambia,2010,48.0878177333
ZWE,Zimbabwe,2010,39.3582239452
AFG,Afghanistan,2011,34.8713436478
ALB,Albania,2011,57.8283447361
DZA,Algeria,2011,49.467006065
AGO,Angola,2011,39.8578960675
ARG,Argentina,2011,59.5807529592
ARM,Armenia,2011,55.8713364243
AUS,Australia,2011,79.1207150737
AUT,Austria,2011,78.7424414374
AZE,Azerbaijan,2011,51.2173306487
BHR,Bahrain,2011,61.5957242722
BGD,Bangladesh,2011,45.2820583562
BLR,Belarus,2011,55.9932206818
BEL,Belgium,2011,76.2031057879
BLZ,Belize,2011,55.0641295072
BEN,Benin,2011,46.098758173
BOL,Bolivia,2011,51.9516636888
BIH,Bosnia and Herzegovina,2011,56.5756799405
BWA,Botswana,2011,55.7095725701
BRA,Brazil,2011,60.5837089243
BGR,Bulgaria,2011,62.0257702332
BFA,Burkina Faso,2011,43.8710706262
BDI,Burundi,2011,36.576539845
CPV,Cape Verde,2011,55.5482879461
KHM,Cambodia,2011,47.3893718325
CMR,Cameroon,2011,43.2776843773
CAN,Canada,2011,78.7685177517
CAF,Central African Republic,2011,34.2561033805
TCD,Chad,2011,31.5067192634
CHL,Chile,2011,68.8456303009
CHN,China,2011,57.25675062
COL,Colombia,2011,56.442606093
COM,Comoros,2011,45.2658351831
COG,Congo,2011,41.478080062
CRI,Costa Rica,2011,66.7484243905
HRV,Croatia,2011,64.792449825
CUB,Cuba,2011,53.3401015124
CYP,Cyprus,2011,70.5472637978
CZE,Czechia,2011,71.9472753371
CIV,Ivory Coast,2011,42.3122398884
COD,"Congo, Democratic Republic of the",2011,34.3499197157
DNK,Denmark,2011,82.532406611
DJI,Djibouti,2011,48.2490067491
DOM,Dominican Republic,2011,56.1171561881
ECU,Ecuador,2011,53.1872618232
EGY,"Egypt, Arab Republic of",2011,48.5846893428
SLV,El Salvador,2011,55.3214999257
GNQ,Equatorial Guinea,2011,46.0141959086
ERI,Eritrea,2011,34.2403172911
EST,Estonia,2011,72.2962442559
SWZ,Swaziland,2011,42.711774615
ETH,Ethiopia,2011,39.8275786319
FIN,Finland,2011,81.7787007985
FRA,France,2011,75.8790186922
GAB,Gabon,2011,47.7374441245
GEO,Georgia,2011,57.9878212226
DEU,Germany,2011,79.4379637084
GHA,Ghana,2011,52.9984487451
GRC,Greece,2011,66.246563845
GTM,Guatemala,2011,53.3125097591
GIN,Guinea,2011,38.4925267721
GNB,Guinea-Bissau,2011,39.0985048556
GUY,Guyana,2011,53.8350034426
HTI,Haiti,2011,39.2692301384
HND,Honduras,2011,50.7827587099
HKG,Hong Kong,2011,78.2134544663
HUN,Hungary,2011,67.1614310101
ISL,Iceland,2011,78.846101306
IND,India,2011,49.5946296416
IDN,Indonesia,2011,56.2705231404
IRN,"Iran, Islamic Republic of",2011,45.6989895019
IRQ,Iraq,2011,41.7859316867
IRL,Ireland,2011,77.8436635083
ISR,Israel,2011,68.9370866428
ITA,Italy,2011,71.0671349736
JAM,Jamaica,2011,58.6537513943
JPN,Japan,2011,76.0205381538
JOR,Jordan,2011,56.6112113174
KAZ,Kazakhstan,2011,54.6993997637
KEN,Kenya,2011,46.9732583984
KWT,Kuwait,2011,61.2464095933
KGZ,Kyrgyzstan,2011,51.0361519302
LAO,Lao PDR,2011,47.2044629859
LVA,Latvia,2011,67.3340095837
LBN,Lebanon,2011,54.8601615169
LSO,Lesotho,2011,44.5276177188
LBR,Liberia,2011,44.0089193852
LBY,Libya,2011,46.1472612167
LTU,Lithuania,2011,66.1941383121
LUX,Luxembourg,2011,80.1323229031
MDG,Madagascar,2011,43.792957701
MWI,Malawi,2011,47.4560352852
MYS,Malaysia,2011,63.5124284623
MLI,Mali,2011,45.0669029255
MLT,Malta,2011,72.1681049552
MRT,Mauritania,2011,40.1955081477
MUS,Mauritius,2011,64.6766750709
MEX,Mexico,2011,57.9566414641
MDA,Moldova,2011,53.4241541871
MNG,Mongolia,2011,52.9602950611
MNE,Montenegro,2011,61.8688694532
MAR,Morocco,2011,51.810307804
MOZ,Mozambique,2011,43.7361385921
MMR,Myanmar,2011,39.5703399567
NAM,Namibia,2011,55.9162206391
NPL,Nepal,2011,44.7720599622
NLD,Netherlands,2011,80.8452245669
NZL,New Zealand,2011,80.2325006658
NIC,Nicaragua,2011,51.345382822
NER,Niger,2011,41.1682051431
NGA,Nigeria,2011,43.0415347179
MKD,North Macedonia,2011,59.4824298778
NOR,Norway,2011,82.2651652309
OMN,Oman,2011,58.8540159929
PAK,Pakistan,2011,40.8714957184
PAN,Panama,2011,63.3941214154
PNG,Papua New Guinea,2011,47.5198052176
PRY,Paraguay,2011,56.0392331
PER,Peru,2011,58.2385481307
PHL,Philippines,2011,54.4946886088
POL,Poland,2011,68.8404368895
PRT,Portugal,2011,71.711615168
QAT,Qatar,2011,62.8132720832
ROU,Romania,2011,62.4796689073
RUS,Russia,2011,54.6194720282
RWA,Rwanda,2011,48.8016742216
SAU,Saudi Arabia,2011,53.8276124729
SEN,Senegal,2011,49.6888802829
SRB,Serbia,2011,57.7167877672
SYC,Seychelles,2011,62.398785458
SLE,Sierra Leone,2011,41.9880342683
SGP,Singapore,2011,76.9686016353
SVK,Slovakia,2011,68.9778899868
SVN,Slovenia,2011,73.5330468566
SOM,Somalia,2011,31.5716862852
ZAF,South Africa,2011,56.5937645708
KOR,"Korea, Republic of",2011,71.2267851582
SSD,South Sudan,2011,34.2710161811
ESP,Spain,2011,72.6048521034
LKA,Sri Lanka,2011,52.7873845622
SDN,Sudan,2011,39.0500636321
SUR,Suriname,2011,57.9562532804
SWE,Sweden,2011,83.1177264735
CHE,Switzerland,2011,81.8350433639
SYR,Syria,2011,43.4293162732
STP,São Tomé and Príncipe,2011,54.448500091
TWN,"Taiwan, China",2011,74.6757697117
TJK,Tajikistan,2011,47.1524323277
TZA,Tanzania,2011,46.5320490647
THA,Thailand,2011,60.1048357886
GMB,The Gambia,2011,47.2596845721
TGO,Togo,2011,39.5495484951
TTO,Trinidad and Tobago,2011,61.3011675045
TUN,Tunisia,2011,55.5975360326
TUR,Turkiye,2011,56.356276647
TKM,Turkmenistan,2011,50.1907862344
UGA,Uganda,2011,44.1775116533
UKR,Ukraine,2011,54.8261395044
ARE,United Arab Emirates,2011,63.9137272492
GBR,United Kingdom,2011,78.3399157242
USA,United States,2011,76.8263397833
URY,Uruguay,2011,67.5482946743
UZB,Uzbekistan,2011,48.3794491607
VEN,"Venezuela, RB",2011,49.4240218668
VNM,Viet Nam,2011,53.7371377522
YEM,"Yemen, Republic of",2011,36.8428417756
ZMB,Zambia,2011,48.3020685952
ZWE,Zimbabwe,2011,39.8745714499
AFG,Afghanistan,2012,34.6203024668
ALB,Albania,2012,57.6552407806
DZA,Algeria,2012,49.31768316
AGO,Angola,2012,39.93000134
ARG,Argentina,2012,59.9668203039
ARM,Armenia,2012,55.621352952
AUS,Australia,2012,78.8623130107
AUT,Austria,2012,79.1761139044
AZE,Azerbaijan,2012,50.6434829952
BHR,Bahrain,2012,61.5109988019
BGD,Bangladesh,2012,45.9253048005
BLR,Belarus,2012,56.0880593913
BEL,Belgium,2012,76.1591069246
BLZ,Belize,2012,55.4404314223
BEN,Benin,2012,45.922297263
BOL,Bolivia,2012,52.3073085942
BIH,Bosnia and Herzegovina,2012,56.4855065546
BWA,Botswana,2012,56.4823137256
BRA,Brazil,2012,60.7703091534
BGR,Bulgaria,2012,62.5080120699
BFA,Burkina Faso,2012,44.4688147305
BDI,Burundi,2012,37.1135375216
CPV,Cape Verde,2012,55.9714219609
KHM,Cambodia,2012,47.5814827132
CMR,Cameroon,2012,43.7875199967
CAN,Canada,2012,79.3426214435
CAF,Central African Republic,2012,34.3920363376
TCD,Chad,2012,32.7560836377
CHL,Chile,2012,69.1229694896
CHN,China,2012,57.1725293671
COL,Colombia,2012,57.1296786488
COM,Comoros,2012,46.4478376517
COG,Congo,2012,42.9204751959
CRI,Costa Rica,2012,66.9680443305
HRV,Croatia,2012,64.8073276754
CUB,Cuba,2012,53.4644213394
CYP,Cyprus,2012,70.2060333784
CZE,Czechia,2012,71.3590700127
CIV,Ivory Coast,2012,42.4139474546
COD,"Congo, Democratic Republic of the",2012,34.4743682146
DNK,Denmark,2012,82.7584861178
DJI,Djibouti,2012,48.0748771832
DOM,Dominican Republic,2012,56.1266711265
ECU,Ecuador,2012,53.7964533553
EGY,"Egypt, Arab Republic of",2012,47.7077081423
SLV,El Salvador,2012,55.257468569
GNQ,Equatorial Guinea,2012,46.1976114267
ERI,Eritrea,2012,34.7705390385
EST,Estonia,2012,72.7235542021
SWZ,Swaziland,2012,42.9172268158
ETH,Ethiopia,2012,40.0153354513
FIN,Finland,2012,81.9631153519
FRA,France,2012,76.2224781983
GAB,Gabon,2012,48.3497553913
GEO,Georgia,2012,58.5957448043
DEU,Germany,2012,79.8246809889
GHA,Ghana,2012,53.2064769153
GRC,Greece,2012,65.5571020277
GTM,Guatemala,2012,53.3262226576
GIN,Guinea,2012,39.1885078042
GNB,Guinea-Bissau,2012,39.6984609719
GUY,Guyana,2012,54.5136716501
HTI,Haiti,2012,39.0115959616
HND,Honduras,2012,50.8221360334
HKG,Hong Kong,2012,78.2560843795
HUN,Hungary,2012,66.8313723164
ISL,Iceland,2012,78.7045152379
IND,India,2012,49.5774580232
IDN,Indonesia,2012,56.9161608815
IRN,"Iran, Islamic Republic of",2012,46.4014361508
IRQ,Iraq,2012,42.8492398212
IRL,Ireland,2012,78.1903549925
ISR,Israel,2012,69.138445305
ITA,Italy,2012,70.6653395828
JAM,Jamaica,2012,58.763523183
JPN,Japan,2012,76.2334285452
JOR,Jordan,2012,56.314238867
KAZ,Kazakhstan,2012,54.8758427167
KEN,Kenya,2012,47.7763193162
KWT,Kuwait,2012,61.063180466
KGZ,Kyrgyzstan,2012,50.7011155541
LAO,Lao PDR,2012,47.5300966944
LVA,Latvia,2012,67.5038126264
LBN,Lebanon,2012,55.4108224937
LSO,Lesotho,2012,44.2691493337
LBR,Liberia,2012,44.8739888382
LBY,Libya,2012,45.7485198822
LTU,Lithuania,2012,66.5604065715
LUX,Luxembourg,2012,80.2370688243
MDG,Madagascar,2012,43.7766918823
MWI,Malawi,2012,47.1064913103
MYS,Malaysia,2012,64.2077270924
MLI,Mali,2012,45.4514278508
MLT,Malta,2012,72.1497987539
MRT,Mauritania,2012,40.535993111
MUS,Mauritius,2012,64.5242732485
MEX,Mexico,2012,58.2478645075
MDA,Moldova,2012,54.0073196243
MNG,Mongolia,2012,53.8427654612
MNE,Montenegro,2012,61.8852424223
MAR,Morocco,2012,52.4329788158
MOZ,Mozambique,2012,43.7948399875
MMR,Myanmar,2012,40.5482505956
NAM,Namibia,2012,55.6098380626
NPL,Nepal,2012,45.4650226907
NLD,Netherlands,2012,80.9890398299
NZL,New Zealand,2012,80.1821697872
NIC,Nicaragua,2012,51.7408829137
NER,Niger,2012,41.4735866371
NGA,Nigeria,2012,43.6421756873
MKD,North Macedonia,2012,59.5487908164
NOR,Norway,2012,82.288323412
OMN,Oman,2012,59.1821859268
PAK,Pakistan,2012,40.9202412742
PAN,Panama,2012,63.4088745882
PNG,Papua New Guinea,2012,47.3044079104
PRY,Paraguay,2012,56.6752445669
PER,Peru,2012,58.8198857452
PHL,Philippines,2012,55.2016420786
POL,Poland,2012,69.1163191727
PRT,Portugal,2012,71.7924673375
QAT,Qatar,2012,63.2536933599
ROU,Romania,2012,61.9161686172
RUS,Russia,2012,54.4380242505
RWA,Rwanda,2012,49.1931167261
SAU,Saudi Arabia,2012,54.625337921
SEN,Senegal,2012,49.8453903998
SRB,Serbia,2012,57.5315786276
SYC,Seychelles,2012,62.2387148969
SLE,Sierra Leone,2012,42.4460348799
SGP,Singapore,2012,76.821129229
SVK,Slovakia,2012,68.8525712029
SVN,Slovenia,2012,73.2818304704
SOM,Somalia,2012,31.5046345282
ZAF,South Africa,2012,57.3003009053
KOR,"Korea, Republic of",2012,72.5949654265
SSD,South Sudan,2012,34.3856318915
ESP,Spain,2012,73.1972079545
LKA,Sri Lanka,2012,53.1700096864
SDN,Sudan,2012,38.9730295975
SUR,Suriname,2012,58.152124916
SWE,Sweden,2012,83.0951664766
CHE,Switzerland,2012,81.7017988002
SYR,Syria,2012,43.6101428233
STP,São Tomé and Príncipe,2012,54.7289428971
TWN,"Taiwan, China",2012,75.1984984453
TJK,Tajikistan,2012,48.1528621674
TZA,Tanzania,2012,46.4731771829
THA,Thailand,2012,60.0231707134
GMB,The Gambia,2012,47.0122045429
TGO,Togo,2012,40.4588263759
TTO,Trinidad and Tobago,2012,61.6908555354
TUN,Tunisia,2012,55.6322962113
TUR,Turkiye,2012,56.8757612538
TKM,Turkmenistan,2012,50.0268232134
UGA,Uganda,2012,44.6058119891
UKR,Ukraine,2012,54.7938979562
ARE,United Arab Emirates,2012,64.1392551113
GBR,United Kingdom,2012,79.0496998269
USA,United States,2012,76.6945207742
URY,Uruguay,2012,67.4352731217
UZB,Uzbekistan,2012,48.8002280435
VEN,"Venezuela, RB",2012,49.7617895441
VNM,Viet Nam,2012,53.6158460225
YEM,"Yemen, Republic of",2012,36.24004484
ZMB,Zambia,2012,48.4783417352
ZWE,Zimbabwe,2012,40.7660871702
AFG,Afghanistan,2013,34.6122331977
ALB,Albania,2013,57.9655399937
DZA,Algeria,2013,48.4681716176
AGO,Angola,2013,40.258443975
ARG,Argentina,2013,59.5047185088
ARM,Armenia,2013,56.6442231567
AUS,Australia,2013,78.9766894292
AUT,Austria,2013,79.4175965297
AZE,Azerbaijan,2013,51.153263342
BHR,Bahrain,2013,60.144480681
BGD,Bangladesh,2013,46.1000488996
BLR,Belarus,2013,55.7077468155
BEL,Belgium,2013,76.283187466
BLZ,Belize,2013,55.3486910398
BEN,Benin,2013,45.5125832887
BOL,Bolivia,2013,53.2328667017
BIH,Bosnia and Herzegovina,2013,56.631295013
BWA,Botswana,2013,56.8461552215
BRA,Brazil,2013,61.4453017727
BGR,Bulgaria,2013,62.7278842713
BFA,Burkina Faso,2013,45.1443679774
BDI,Burundi,2013,37.3500142937
CPV,Cape Verde,2013,56.341096055
KHM,Cambodia,2013,48.4652649312
CMR,Cameroon,2013,44.2653672716
CAN,Canada,2013,78.8755518601
CAF,Central African Republic,2013,34.2493316785
TCD,Chad,2013,33.6725187115
CHL,Chile,2013,69.5031684173
CHN,China,2013,57.6116121369
COL,Colombia,2013,57.0423756066
COM,Comoros,2013,45.9028565084
COG,Congo,2013,43.1582103565
CRI,Costa Rica,2013,67.1917091557
HRV,Croatia,2013,64.2309782132
CUB,Cuba,2013,53.3916636001
CYP,Cyprus,2013,70.0983244241
CZE,Czechia,2013,71.6638495036
CIV,Ivory Coast,2013,42.0093712174
COD,"Congo, Democratic Republic of the",2013,34.2992121223
DNK,Denmark,2013,82.2683502053
DJI,Djibouti,2013,47.1879237581
DOM,Dominican Republic,2013,56.8286334855
ECU,Ecuador,2013,54.546504982
EGY,"Egypt, Arab Republic of",2013,47.7910883661
SLV,El Salvador,2013,55.7096088623
GNQ,Equatorial Guinea,2013,46.1759096744
ERI,Eritrea,2013,34.1983129312
EST,Estonia,2013,73.4043451935
SWZ,Swaziland,2013,43.6070288295
ETH,Ethiopia,2013,40.0101565401
FIN,Finland,2013,82.1829256527
FRA,France,2013,76.0709860466
GAB,Gabon,2013,48.1917155626
GEO,Georgia,2013,58.2168420411
DEU,Germany,2013,79.890083365
GHA,Ghana,2013,52.6943335757
GRC,Greece,2013,64.8710479145
GTM,Guatemala,2013,53.5395663645
GIN,Guinea,2013,40.338433765
GNB,Guinea-Bissau,2013,40.2701614163
GUY,Guyana,2013,54.7035441697
HTI,Haiti,2013,38.8754307492
HND,Honduras,2013,51.3584808236
HKG,Hong Kong,2013,78.4432833366
HUN,Hungary,2013,66.1280575343
ISL,Iceland,2013,78.8704672722
IND,India,2013,49.8036125429
IDN,Indonesia,2013,57.3102081785
IRN,"Iran, Islamic Republic of",2013,47.193301569
IRQ,Iraq,2013,43.0508948124
IRL,Ireland,2013,78.5743515624
ISR,Israel,2013,69.6086332307
ITA,Italy,2013,71.1558849876
JAM,Jamaica,2013,58.89850319
JPN,Japan,2013,76.3065021499
JOR,Jordan,2013,57.0275898629
KAZ,Kazakhstan,2013,55.6180025391
KEN,Kenya,2013,49.1023247085
KWT,Kuwait,2013,61.5598173913
KGZ,Kyrgyzstan,2013,50.6905872587
LAO,Lao PDR,2013,48.2935102772
LVA,Latvia,2013,68.3697004463
LBN,Lebanon,2013,55.0158497295
LSO,Lesotho,2013,44.5405045961
LBR,Liberia,2013,44.7437665849
LBY,Libya,2013,46.6863435669
LTU,Lithuania,2013,67.2231013965
LUX,Luxembourg,2013,80.1339517843
MDG,Madagascar,2013,42.902923418
MWI,Malawi,2013,47.2326008554
MYS,Malaysia,2013,64.1862863005
MLI,Mali,2013,45.7667976635
MLT,Malta,2013,72.5912643438
MRT,Mauritania,2013,40.7336079733
MUS,Mauritius,2013,65.0462111362
MEX,Mexico,2013,58.3561137471
MDA,Moldova,2013,55.2144053092
MNG,Mongolia,2013,54.6010840498
MNE,Montenegro,2013,61.9071463495
MAR,Morocco,2013,52.7969102093
MOZ,Mozambique,2013,43.2848063127
MMR,Myanmar,2013,41.7871782398
NAM,Namibia,2013,55.800838877
NPL,Nepal,2013,46.1050013894
NLD,Netherlands,2013,81.4196635218
NZL,New Zealand,2013,80.7137582383
NIC,Nicaragua,2013,51.8351338453
NER,Niger,2013,42.2988796486
NGA,Nigeria,2013,42.9955135405
MKD,North Macedonia,2013,59.6065178605
NOR,Norway,2013,82.4231010752
OMN,Oman,2013,59.4876953885
PAK,Pakistan,2013,40.9841457585
PAN,Panama,2013,63.2577410393
PNG,Papua New Guinea,2013,47.2204573624
PRY,Paraguay,2013,57.4793562489
PER,Peru,2013,59.1179880235
PHL,Philippines,2013,55.7496865987
POL,Poland,2013,69.074844078
PRT,Portugal,2013,71.5597253672
QAT,Qatar,2013,64.221360354
ROU,Romania,2013,62.0931681581
RUS,Russia,2013,55.0226340787
RWA,Rwanda,2013,49.596484526
SAU,Saudi Arabia,2013,54.8824313882
SEN,Senegal,2013,48.9405925858
SRB,Serbia,2013,57.8554511031
SYC,Seychelles,2013,62.9277618124
SLE,Sierra Leone,2013,43.171912951
SGP,Singapore,2013,76.5009016933
SVK,Slovakia,2013,68.5595659506
SVN,Slovenia,2013,72.9119165391
SOM,Somalia,2013,31.2976102229
ZAF,South Africa,2013,57.6057277208
KOR,"Korea, Republic of",2013,72.6803234915
SSD,South Sudan,2013,33.5114590843
ESP,Spain,2013,73.2770549592
LKA,Sri Lanka,2013,54.1296577435
SDN,Sudan,2013,38.3630287725
SUR,Suriname,2013,58.40706008
SWE,Sweden,2013,82.8876484841
CHE,Switzerland,2013,82.3222715219
SYR,Syria,2013,42.3415579912
STP,São Tomé and Príncipe,2013,54.9745544621
TWN,"Taiwan, China",2013,76.0003216855
TJK,Tajikistan,2013,48.7596099934
TZA,Tanzania,2013,46.7781018556
THA,Thailand,2013,60.0048120617
GMB,The Gambia,2013,47.2463069467
TGO,Togo,2013,40.9075842794
TTO,Trinidad and Tobago,2013,62.0020052401
TUN,Tunisia,2013,56.1812080446
TUR,Turkiye,2013,57.6077407105
TKM,Turkmenistan,2013,50.6383169705
UGA,Uganda,2013,45.3638029735
UKR,Ukraine,2013,54.5043495694
ARE,United Arab Emirates,2013,64.7024680557
GBR,United Kingdom,2013,79.6361953052
USA,United States,2013,76.8088723441
URY,Uruguay,2013,67.7904254446
UZB,Uzbekistan,2013,49.295082733
VEN,"Venezuela, RB",2013,49.5163767596
VNM,Viet Nam,2013,54.4547257069
YEM,"Yemen, Republic of",2013,35.5527942547
ZMB,Zambia,2013,49.363245749
ZWE,Zimbabwe,2013,41.9246606104
AFG,Afghanistan,2014,35.843859216
ALB,Albania,2014,57.6980008654
DZA,Algeria,2014,49.3137776111
AGO,Angola,2014,39.4682634205
ARG,Argentina,2014,59.6169805276
ARM,Armenia,2014,57.1616584003
AUS,Australia,2014,78.5855644962
AUT,Austria,2014,79.5403676123
AZE,Azerbaijan,2014,51.8399267322
BHR,Bahrain,2014,58.8956828128
BGD,Bangladesh,2014,46.5789502256
BLR,Belarus,2014,56.369105617
BEL,Belgium,2014,76.4621160522
BLZ,Belize,2014,55.8348858397
BEN,Benin,2014,46.5066559852
BOL,Bolivia,2014,53.5317015891
BIH,Bosnia and Herzegovina,2014,57.1702727727
BWA,Botswana,2014,56.692415516
BRA,Brazil,2014,61.085917394
BGR,Bulgaria,2014,63.2893757989
BFA,Burkina Faso,2014,45.4154262175
BDI,Burundi,2014,37.6215234176
CPV,Cape Verde,2014,56.4864107449
KHM,Cambodia,2014,47.9570505428
CMR,Cameroon,2014,44.6771765052
CAN,Canada,2014,79.0518230779
CAF,Central African Republic,2014,33.3209057778
TCD,Chad,2014,33.846786
CHL,Chile,2014,69.032088905
CHN,China,2014,58.1120132963
COL,Colombia,2014,57.7451070113
COM,Comoros,2014,46.68039865
COG,Congo,2014,43.5443704029
CRI,Costa Rica,2014,67.6719749296
HRV,Croatia,2014,65.2624540895
CUB,Cuba,2014,53.3319133038
CYP,Cyprus,2014,69.0960345137
CZE,Czechia,2014,71.5330102893
CIV,Ivory Coast,2014,42.8704234368
COD,"Congo, Democratic Republic of the",2014,35.0608313435
DNK,Denmark,2014,82.0066003549
DJI,Djibouti,2014,46.7719829239
DOM,Dominican Republic,2014,56.7297301558
ECU,Ecuador,2014,55.1860723808
EGY,"Egypt, Arab Republic of",2014,47.122244608
SLV,El Salvador,2014,55.8575719138
GNQ,Equatorial Guinea,2014,46.3504275531
ERI,Eritrea,2014,34.0196221667
EST,Estonia,2014,73.7848052445
SWZ,Swaziland,2014,43.9430730601
ETH,Ethiopia,2014,40.0043234687
FIN,Finland,2014,82.2820981801
FRA,France,2014,75.9654014591
GAB,Gabon,2014,48.2197983264
GEO,Georgia,2014,58.9418651382
DEU,Germany,2014,80.2460631733
GHA,Ghana,2014,53.2506353604
GRC,Greece,2014,65.2862841882
GTM,Guatemala,2014,54.0490242904
GIN,Guinea,2014,40.2551022483
GNB,Guinea-Bissau,2014,39.9617948558
GUY,Guyana,2014,55.2782985124
HTI,Haiti,2014,39.2136641673
HND,Honduras,2014,51.173770802
HKG,Hong Kong,2014,78.3894466608
HUN,Hungary,2014,66.6105062093
ISL,Iceland,2014,78.9239460874
IND,India,2014,50.216986002
IDN,Indonesia,2014,57.9008060931
IRN,"Iran, Islamic Republic of",2014,46.8144045555
IRQ,Iraq,2014,43.1738282085
IRL,Ireland,2014,78.5334618675
ISR,Israel,2014,69.5966342372
ITA,Italy,2014,70.9803452956
JAM,Jamaica,2014,59.4050422052
JPN,Japan,2014,76.3944192726
JOR,Jordan,2014,56.7825830803
KAZ,Kazakhstan,2014,56.0210558517
KEN,Kenya,2014,49.3403937087
KWT,Kuwait,2014,60.6461227312
KGZ,Kyrgyzstan,2014,50.6253174386
LAO,Lao PDR,2014,47.1287491477
LVA,Latvia,2014,68.851349413
LBN,Lebanon,2014,54.5129415177
LSO,Lesotho,2014,45.2284787018
LBR,Liberia,2014,44.051028621
LBY,Libya,2014,45.8330397591
LTU,Lithuania,2014,68.0872647805
LUX,Luxembourg,2014,79.3836386011
MDG,Madagascar,2014,43.9645942682
MWI,Malawi,2014,47.652664673
MYS,Malaysia,2014,64.6585694721
MLI,Mali,2014,44.2155991308
MLT,Malta,2014,73.4424043844
MRT,Mauritania,2014,39.8179088842
MUS,Mauritius,2014,65.2146782666
MEX,Mexico,2014,58.5828916018
MDA,Moldova,2014,55.2582747996
MNG,Mongolia,2014,54.7618097181
MNE,Montenegro,2014,61.5203639656
MAR,Morocco,2014,52.9037236413
MOZ,Mozambique,2014,43.6542677499
MMR,Myanmar,2014,42.3626959943
NAM,Namibia,2014,55.8640425827
NPL,Nepal,2014,48.4896592822
NLD,Netherlands,2014,81.4066491186
NZL,New Zealand,2014,80.708466026
NIC,Nicaragua,2014,52.6893445147
NER,Niger,2014,42.4016874956
NGA,Nigeria,2014,43.1036847468
MKD,North Macedonia,2014,59.8746683044
NOR,Norway,2014,82.3340996866
OMN,Oman,2014,59.0830853673
PAK,Pakistan,2014,40.772583262
PAN,Panama,2014,64.5036350382
PNG,Papua New Guinea,2014,47.6775455222
PRY,Paraguay,2014,57.7183825103
PER,Peru,2014,59.2837483141
PHL,Philippines,2014,56.6099519402
POL,Poland,2014,69.2453503413
PRT,Portugal,2014,72.2248429691
QAT,Qatar,2014,64.0950271663
ROU,Romania,2014,62.4774267934
RUS,Russia,2014,54.8488771245
RWA,Rwanda,2014,50.7817941817
SAU,Saudi Arabia,2014,54.4103343576
SEN,Senegal,2014,49.8075488861
SRB,Serbia,2014,58.0275854174
SYC,Seychelles,2014,63.1850696912
SLE,Sierra Leone,2014,43.4350235267
SGP,Singapore,2014,77.327942478
SVK,Slovakia,2014,68.7071923498
SVN,Slovenia,2014,72.7040077849
SOM,Somalia,2014,31.690459025
ZAF,South Africa,2014,58.2053683106
KOR,"Korea, Republic of",2014,72.3666568599
SSD,South Sudan,2014,33.0484008256
ESP,Spain,2014,73.4308272439
LKA,Sri Lanka,2014,54.290309595
SDN,Sudan,2014,38.0004279517
SUR,Suriname,2014,58.2097665129
SWE,Sweden,2014,82.6807372026
CHE,Switzerland,2014,82.4966321093
SYR,Syria,2014,40.1487448504
STP,São Tomé and Príncipe,2014,55.4233879558
TWN,"Taiwan, China",2014,76.1987472293
TJK,Tajikistan,2014,48.739611355
TZA,Tanzania,2014,46.4560126453
THA,Thailand,2014,59.899479014
GMB,The Gambia,2014,46.8786363305
TGO,Togo,2014,41.3435692125
TTO,Trinidad and Tobago,2014,62.1874767961
TUN,Tunisia,2014,54.9581481236
TUR,Turkiye,2014,57.8496584499
TKM,Turkmenistan,2014,49.6374694829
UGA,Uganda,2014,45.7518805721
UKR,Ukraine,2014,54.1606041188
ARE,United Arab Emirates,2014,64.8481588358
GBR,United Kingdom,2014,79.6934052998
USA,United States,2014,76.9717947064
URY,Uruguay,2014,68.0671913192
UZB,Uzbekistan,2014,49.3349358567
VEN,"Venezuela, RB",2014,48.8803033767
VNM,Viet Nam,2014,54.3918173842
YEM,"Yemen, Republic of",2014,35.791246581
ZMB,Zambia,2014,48.9339894829
ZWE,Zimbabwe,2014,42.5041729113
AFG,Afghanistan,2015,35.0750498595
ALB,Albania,2015,58.1754810463
DZA,Algeria,2015,49.8523603044
AGO,Angola,2015,39.6539086972
ARG,Argentina,2015,59.0377275924
ARM,Armenia,2015,57.1299537331
AUS,Australia,2015,78.6967414418
AUT,Austria,2015,79.5329086759
AZE,Azerbaijan,2015,52.260346662
BHR,Bahrain,2015,59.4302315929
BGD,Bangladesh,2015,45.9864959448
BLR,Belarus,2015,56.5504794292
BEL,Belgium,2015,76.7153367951
BLZ,Belize,2015,55.6685753842
BEN,Benin,2015,46.5092968241
BOL,Bolivia,2015,53.6081920796
BIH,Bosnia and Herzegovina,2015,57.2482612485
BWA,Botswana,2015,57.075563955
BRA,Brazil,2015,61.2090809112
BGR,Bulgaria,2015,62.5496013678
BFA,Burkina Faso,2015,45.2969239452
BDI,Burundi,2015,37.8744260087
CPV,Cape Verde,2015,56.3031180156
KHM,Cambodia,2015,47.1890720361
CMR,Cameroon,2015,44.4339729833
CAN,Canada,2015,79.3289220743
CAF,Central African Republic,2015,32.0152198037
TCD,Chad,2015,34.7631659577
CHL,Chile,2015,69.2614663444
CHN,China,2015,58.3597370705
COL,Colombia,2015,57.8152840744
COM,Comoros,2015,46.702063811
COG,Congo,2015,42.9946913353
CRI,Costa Rica,2015,68.4307724195
HRV,Croatia,2015,65.5397393335
CUB,Cuba,2015,53.3630122885
CYP,Cyprus,2015,68.7676560715
CZE,Czechia,2015,71.7008164644
CIV,Ivory Coast,2015,45.0199102058
COD,"Congo, Democratic Republic of the",2015,35.1002529932
DNK,Denmark,2015,82.4313633192
DJI,Djibouti,2015,46.9461419575
DOM,Dominican Republic,2015,57.2034747469
ECU,Ecuador,2015,55.7177456363
EGY,"Egypt, Arab Republic of",2015,47.0843594652
SLV,El Salvador,2015,56.0483992306
GNQ,Equatorial Guinea,2015,46.0465949646
ERI,Eritrea,2015,34.8632660725
EST,Estonia,2015,74.2347026651
SWZ,Swaziland,2015,44.4926485314
ETH,Ethiopia,2015,40.0595034875
FIN,Finland,2015,82.0402686734
FRA,France,2015,76.4038258848
GAB,Gabon,2015,48.802410875
GEO,Georgia,2015,59.3651941124
DEU,Germany,2015,80.3401955619
GHA,Ghana,2015,53.1715132683
GRC,Greece,2015,66.0014763847
GTM,Guatemala,2015,54.2444587549
GIN,Guinea,2015,40.1072408611
GNB,Guinea-Bissau,2015,40.3626297768
GUY,Guyana,2015,55.3435859031
HTI,Haiti,2015,39.9054194606
HND,Honduras,2015,52.0749761656
HKG,Hong Kong,2015,78.3662860894
HUN,Hungary,2015,66.2714428757
ISL,Iceland,2015,79.1141933283
IND,India,2015,50.7079542259
IDN,Indonesia,2015,58.5430408689
IRN,"Iran, Islamic Republic of",2015,46.4938586788
IRQ,Iraq,2015,43.880801633
IRL,Ireland,2015,79.2736076717
ISR,Israel,2015,69.5412443334
ITA,Italy,2015,70.6449375993
JAM,Jamaica,2015,59.3816418125
JPN,Japan,2015,76.4483846416
JOR,Jordan,2015,57.293095862
KAZ,Kazakhstan,2015,56.4671724871
KEN,Kenya,2015,50.3000360817
KWT,Kuwait,2015,60.1232729999
KGZ,Kyrgyzstan,2015,51.9940711037
LAO,Lao PDR,2015,47.7035375222
LVA,Latvia,2015,69.7876535302
LBN,Lebanon,2015,54.4402049154
LSO,Lesotho,2015,45.1746698027
LBR,Liberia,2015,44.1396106643
LBY,Libya,2015,45.1439503534
LTU,Lithuania,2015,68.4388048401
LUX,Luxembourg,2015,79.9848564193
MDG,Madagascar,2015,44.1595569051
MWI,Malawi,2015,47.5580297567
MYS,Malaysia,2015,64.8771854556
MLI,Mali,2015,43.5475195509
MLT,Malta,2015,73.1556892262
MRT,Mauritania,2015,38.746864783
MUS,Mauritius,2015,65.252319447
MEX,Mexico,2015,58.5467716292
MDA,Moldova,2015,55.953352803
MNG,Mongolia,2015,55.4606733979
MNE,Montenegro,2015,61.918971939
MAR,Morocco,2015,53.7382202041
MOZ,Mozambique,2015,43.9631911641
MMR,Myanmar,2015,43.9025236174
NAM,Namibia,2015,56.0371448985
NPL,Nepal,2015,49.0005343242
NLD,Netherlands,2015,81.2896642342
NZL,New Zealand,2015,81.045121891
NIC,Nicaragua,2015,52.6436750808
NER,Niger,2015,42.6135047893
NGA,Nigeria,2015,42.6393088922
MKD,North Macedonia,2015,61.0198559311
NOR,Norway,2015,82.7856939721
OMN,Oman,2015,58.018387607
PAK,Pakistan,2015,40.9766414876
PAN,Panama,2015,63.9079631749
PNG,Papua New Guinea,2015,47.3101346727
PRY,Paraguay,2015,56.5612747874
PER,Peru,2015,59.3123848702
PHL,Philippines,2015,57.3837507498
POL,Poland,2015,69.7064446211
PRT,Portugal,2015,72.6531679951
QAT,Qatar,2015,64.481909825
ROU,Romania,2015,62.9441212967
RUS,Russia,2015,55.446180418
RWA,Rwanda,2015,50.8578046781
SAU,Saudi Arabia,2015,54.8294768224
SEN,Senegal,2015,51.0580819757
SRB,Serbia,2015,58.3090802354
SYC,Seychelles,2015,63.1430662248
SLE,Sierra Leone,2015,43.5859094115
SGP,Singapore,2015,76.7172601085
SVK,Slovakia,2015,68.5389716159
SVN,Slovenia,2015,72.2504322475
SOM,Somalia,2015,31.8941674095
ZAF,South Africa,2015,58.4884771355
KOR,"Korea, Republic of",2015,72.3705274514
SSD,South Sudan,2015,31.795748074
ESP,Spain,2015,73.3367180857
LKA,Sri Lanka,2015,54.9200727033
SDN,Sudan,2015,37.8077797721
SUR,Suriname,2015,58.1595070378
SWE,Sweden,2015,82.203107933
CHE,Switzerland,2015,82.6811506436
SYR,Syria,2015,37.5657167078
STP,São Tomé and Príncipe,2015,55.7760894045
TWN,"Taiwan, China",2015,76.2198811156
TJK,Tajikistan,2015,48.7989402006
TZA,Tanzania,2015,46.6571302611
THA,Thailand,2015,60.1248980457
GMB,The Gambia,2015,46.284467202
TGO,Togo,2015,42.2127541301
TTO,Trinidad and Tobago,2015,62.1929037926
TUN,Tunisia,2015,54.8378066974
TUR,Turkiye,2015,58.7898155053
TKM,Turkmenistan,2015,49.523110922
UGA,Uganda,2015,45.9067320993
UKR,Ukraine,2015,54.5414581168
ARE,United Arab Emirates,2015,65.4849354343
GBR,United Kingdom,2015,79.5326847142
USA,United States,2015,77.1199033332
URY,Uruguay,2015,68.6806277611
UZB,Uzbekistan,2015,50.1489058274
VEN,"Venezuela, RB",2015,47.4020695625
VNM,Viet Nam,2015,55.0999943477
YEM,"Yemen, Republic of",2015,35.5952392757
ZMB,Zambia,2015,48.7865922772
ZWE,Zimbabwe,2015,43.1551530424
AFG,Afghanistan,2016,34.4380746655
ALB,Albania,2016,58.3720701961
DZA,Algeria,2016,49.8959188073
AGO,Angola,2016,39.1676033188
ARG,Argentina,2016,59.0418956617
ARM,Armenia,2016,57.1063777048
AUS,Australia,2016,79.0054605119
AUT,Austria,2016,79.5168900587
AZE,Azerbaijan,2016,52.7280365694
BHR,Bahrain,2016,59.3910920428
BGD,Bangladesh,2016,46.0684162012
BLR,Belarus,2016,56.8890492744
BEL,Belgium,2016,77.2731475629
BLZ,Belize,2016,55.5395007055
BEN,Benin,2016,46.7828439412
BOL,Bolivia,2016,53.4775794034
BIH,Bosnia and Herzegovina,2016,57.3878517511
BWA,Botswana,2016,57.5904715781
BRA,Brazil,2016,61.4290434696
BGR,Bulgaria,2016,63.2414121747
BFA,Burkina Faso,2016,45.5894017936
BDI,Burundi,2016,37.4264194344
CPV,Cape Verde,2016,56.2685475964
KHM,Cambodia,2016,47.9812927905
CMR,Cameroon,2016,44.2070789605
CAN,Canada,2016,79.4117153907
CAF,Central African Republic,2016,32.0125620112
TCD,Chad,2016,35.9275694418
CHL,Chile,2016,69.2449351315
CHN,China,2016,58.4434957089
COL,Colombia,2016,58.0882923417
COM,Comoros,2016,47.0454417588
COG,Congo,2016,42.8832690055
CRI,Costa Rica,2016,68.3605628984
HRV,Croatia,2016,65.8600527661
CUB,Cuba,2016,53.1711582942
CYP,Cyprus,2016,68.6368284132
CZE,Czechia,2016,72.2813126724
CIV,Ivory Coast,2016,45.7879720058
COD,"Congo, Democratic Republic of the",2016,35.1561250923
DNK,Denmark,2016,82.8115958193
DJI,Djibouti,2016,46.93290059
DOM,Dominican Republic,2016,57.2922195654
ECU,Ecuador,2016,55.8927248915
EGY,"Egypt, Arab Republic of",2016,46.3189573683
SLV,El Salvador,2016,55.7518595289
GNQ,Equatorial Guinea,2016,45.6466288706
ERI,Eritrea,2016,35.0075450984
EST,Estonia,2016,74.7533144374
SWZ,Swaziland,2016,44.9670115304
ETH,Ethiopia,2016,39.843209989
FIN,Finland,2016,82.1470490668
FRA,France,2016,76.4351031572
GAB,Gabon,2016,48.7421046346
GEO,Georgia,2016,59.8922678318
DEU,Germany,2016,80.5742915889
GHA,Ghana,2016,52.8828011954
GRC,Greece,2016,66.0169506955
GTM,Guatemala,2016,54.3167478965
GIN,Guinea,2016,40.3457636167
GNB,Guinea-Bissau,2016,40.6213972506
GUY,Guyana,2016,55.7843868482
HTI,Haiti,2016,39.548109829
HND,Honduras,2016,51.8692941278
HKG,Hong Kong,2016,78.4964006723
HUN,Hungary,2016,65.6788390709
ISL,Iceland,2016,79.8711162202
IND,India,2016,51.2897762399
IDN,Indonesia,2016,58.6733707338
IRN,"Iran, Islamic Republic of",2016,47.21306558
IRQ,Iraq,2016,43.7657060866
IRL,Ireland,2016,79.9290756422
ISR,Israel,2016,69.8954576017
ITA,Italy,2016,70.6151172728
JAM,Jamaica,2016,59.9118385705
JPN,Japan,2016,77.0579636085
JOR,Jordan,2016,57.0691405844
KAZ,Kazakhstan,2016,57.2202430634
KEN,Kenya,2016,49.8889208582
KWT,Kuwait,2016,60.2289441539
KGZ,Kyrgyzstan,2016,53.7371258931
LAO,Lao PDR,2016,47.7237179705
LVA,Latvia,2016,69.8243138535
LBN,Lebanon,2016,54.9034157391
LSO,Lesotho,2016,45.4364131867
LBR,Liberia,2016,43.8669669378
LBY,Libya,2016,44.1321991392
LTU,Lithuania,2016,68.8071456459
LUX,Luxembourg,2016,80.7402804486
MDG,Madagascar,2016,44.2622262217
MWI,Malawi,2016,46.9416118443
MYS,Malaysia,2016,65.6789076531
MLI,Mali,2016,43.5788650177
MLT,Malta,2016,74.0262334165
MRT,Mauritania,2016,39.4085941217
MUS,Mauritius,2016,64.9801210834
MEX,Mexico,2016,58.7403029176
MDA,Moldova,2016,56.1495692391
MNG,Mongolia,2016,55.9358442448
MNE,Montenegro,2016,62.42515805
MAR,Morocco,2016,53.5954314532
MOZ,Mozambique,2016,43.4478458489
MMR,Myanmar,2016,44.126773467
NAM,Namibia,2016,56.1388863133
NPL,Nepal,2016,49.5898073543
NLD,Netherlands,2016,81.6176094903
NZL,New Zealand,2016,81.1998299139
NIC,Nicaragua,2016,52.540229254
NER,Niger,2016,42.5587755557
NGA,Nigeria,2016,43.0268100073
MKD,North Macedonia,2016,61.3687928578
NOR,Norway,2016,82.8676761922
OMN,Oman,2016,57.4382887383
PAK,Pakistan,2016,40.6603770024
PAN,Panama,2016,64.4979889243
PNG,Papua New Guinea,2016,47.037882176
PRY,Paraguay,2016,56.5470049271
PER,Peru,2016,59.6141389384
PHL,Philippines,2016,57.764624086
POL,Poland,2016,70.0874936387
PRT,Portugal,2016,73.1836723269
QAT,Qatar,2016,64.8807657748
ROU,Romania,2016,63.7885794244
RUS,Russia,2016,56.0619693944
RWA,Rwanda,2016,51.2224807286
SAU,Saudi Arabia,2016,55.3814911658
SEN,Senegal,2016,51.807385279
SRB,Serbia,2016,58.7507738364
SYC,Seychelles,2016,63.0095338138
SLE,Sierra Leone,2016,44.1678560353
SGP,Singapore,2016,77.2523082831
SVK,Slovakia,2016,68.694347364
SVN,Slovenia,2016,72.8081651562
SOM,Somalia,2016,32.6906914272
ZAF,South Africa,2016,59.2612112586
KOR,"Korea, Republic of",2016,72.1174748203
SSD,South Sudan,2016,30.5383434027
ESP,Spain,2016,74.0206554429
LKA,Sri Lanka,2016,56.472256285
SDN,Sudan,2016,37.0970771706
SUR,Suriname,2016,58.3492912687
SWE,Sweden,2016,82.7468077798
CHE,Switzerland,2016,82.9433624956
SYR,Syria,2016,36.9982951074
STP,São Tomé and Príncipe,2016,55.7655594237
TWN,"Taiwan, China",2016,76.1725871568
TJK,Tajikistan,2016,49.4629696412
TZA,Tanzania,2016,47.6474752778
THA,Thailand,2016,59.5326369841
GMB,The Gambia,2016,46.7035502772
TGO,Togo,2016,42.8689352799
TTO,Trinidad and Tobago,2016,61.7554816737
TUN,Tunisia,2016,54.6513245203
TUR,Turkiye,2016,59.4501154707
TKM,Turkmenistan,2016,50.2736845113
UGA,Uganda,2016,45.5123535258
UKR,Ukraine,2016,54.7663318623
ARE,United Arab Emirates,2016,65.7323018993
GBR,United Kingdom,2016,80.0870555808
USA,United States,2016,77.686480052
URY,Uruguay,2016,69.0163297593
UZB,Uzbekistan,2016,50.3791341244
VEN,"Venezuela, RB",2016,47.2102004959
VNM,Viet Nam,2016,55.3564555605
YEM,"Yemen, Republic of",2016,35.2794711494
ZMB,Zambia,2016,48.5985155654
ZWE,Zimbabwe,2016,43.6106072188
AFG,Afghanistan,2017,35.4077861118
ALB,Albania,2017,59.1254664436
DZA,Algeria,2017,50.1038202113
AGO,Angola,2017,38.926856292
ARG,Argentina,2017,59.8804232369
ARM,Armenia,2017,57.1619950259
AUS,Australia,2017,79.1306147234
AUT,Austria,2017,79.944749178
AZE,Azerbaijan,2017,52.9103781826
BHR,Bahrain,2017,59.7058997085
BGD,Bangladesh,2017,46.7743967361
BLR,Belarus,2017,57.1582770126
BEL,Belgium,2017,77.5437541937
BLZ,Belize,2017,55.3541950254
BEN,Benin,2017,46.523434428
BOL,Bolivia,2017,53.0481744953
BIH,Bosnia and Herzegovina,2017,57.7312878402
BWA,Botswana,2017,57.4990533484
BRA,Brazil,2017,61.2410933601
BGR,Bulgaria,2017,63.6427905999
BFA,Burkina Faso,2017,45.7677821324
BDI,Burundi,2017,36.8799883334
CPV,Cape Verde,2017,56.9913550553
KHM,Cambodia,2017,48.1470820077
CMR,Cameroon,2017,43.6471427694
CAN,Canada,2017,79.7359943188
CAF,Central African Republic,2017,31.8495511757
TCD,Chad,2017,35.7105262028
CHL,Chile,2017,69.2971280036
CHN,China,2017,58.9443878468
COL,Colombia,2017,58.3434371818
COM,Comoros,2017,46.949433418
COG,Congo,2017,42.6935343905
CRI,Costa Rica,2017,68.1183761207
HRV,Croatia,2017,66.127871367
CUB,Cuba,2017,53.4369722508
CYP,Cyprus,2017,68.9876341587
CZE,Czechia,2017,73.2706830104
CIV,Ivory Coast,2017,45.7773836203
COD,"Congo, Democratic Republic of the",2017,35.7628665788
DNK,Denmark,2017,83.3381268369
DJI,Djibouti,2017,47.0559779011
DOM,Dominican Republic,2017,57.7399246476
ECU,Ecuador,2017,56.185127939
EGY,"Egypt, Arab Republic of",2017,46.4249175328
SLV,El Salvador,2017,54.9851688308
GNQ,Equatorial Guinea,2017,45.3258583123
ERI,Eritrea,2017,34.806224252
EST,Estonia,2017,75.2589195968
SWZ,Swaziland,2017,45.2162837212
ETH,Ethiopia,2017,40.484155445
FIN,Finland,2017,82.6715229214
FRA,France,2017,76.6886083195
GAB,Gabon,2017,48.7836280825
GEO,Georgia,2017,59.9724898097
DEU,Germany,2017,80.9146682019
GHA,Ghana,2017,53.1437384126
GRC,Greece,2017,65.7936741591
GTM,Guatemala,2017,53.6721269259
GIN,Guinea,2017,41.1057105715
GNB,Guinea-Bissau,2017,40.8837899038
GUY,Guyana,2017,55.7623365676
HTI,Haiti,2017,39.7472982538
HND,Honduras,2017,52.1387084954
HKG,Hong Kong,2017,78.7068838797
HUN,Hungary,2017,65.1469306302
ISL,Iceland,2017,80.8039327017
IND,India,2017,51.9467157635
IDN,Indonesia,2017,58.8896296617
IRN,"Iran, Islamic Republic of",2017,47.7787472389
IRQ,Iraq,2017,42.6604675677
IRL,Ireland,2017,80.6922214815
ISR,Israel,2017,71.2053376154
ITA,Italy,2017,70.9818853501
JAM,Jamaica,2017,60.6154535794
JPN,Japan,2017,77.1049172762
JOR,Jordan,2017,57.7852824912
KAZ,Kazakhstan,2017,58.429219992
KEN,Kenya,2017,50.8305434405
KWT,Kuwait,2017,60.1172197975
KGZ,Kyrgyzstan,2017,53.8014773812
LAO,Lao PDR,2017,47.8534193297
LVA,Latvia,2017,69.8673753174
LBN,Lebanon,2017,54.1473371009
LSO,Lesotho,2017,45.0952061524
LBR,Liberia,2017,44.4256448374
LBY,Libya,2017,42.7511245214
LTU,Lithuania,2017,69.7628765687
LUX,Luxembourg,2017,81.1126654468
MDG,Madagascar,2017,44.9917366273
MWI,Malawi,2017,47.2816211809
MYS,Malaysia,2017,65.2532297717
MLI,Mali,2017,43.3685667263
MLT,Malta,2017,74.4452180432
MRT,Mauritania,2017,38.5055395008
MUS,Mauritius,2017,65.1882182414
MEX,Mexico,2017,58.214310777
MDA,Moldova,2017,56.5522656242
MNG,Mongolia,2017,55.3574805186
MNE,Montenegro,2017,62.0647530848
MAR,Morocco,2017,53.8110696686
MOZ,Mozambique,2017,43.1143334025
MMR,Myanmar,2017,45.0820682155
NAM,Namibia,2017,56.4555501945
NPL,Nepal,2017,49.8802629368
NLD,Netherlands,2017,82.1337464205
NZL,New Zealand,2017,81.4774751706
NIC,Nicaragua,2017,52.2840870434
NER,Niger,2017,42.4922862367
NGA,Nigeria,2017,42.655776928
MKD,North Macedonia,2017,60.2719204511
NOR,Norway,2017,83.2340268402
OMN,Oman,2017,57.814745088
PAK,Pakistan,2017,41.1822848248
PAN,Panama,2017,65.7693335079
PNG,Papua New Guinea,2017,47.1624443366
PRY,Paraguay,2017,57.3394230132
PER,Peru,2017,60.3615357454
PHL,Philippines,2017,57.0186808584
POL,Poland,2017,69.9865255029
PRT,Portugal,2017,73.56666888
QAT,Qatar,2017,64.2283023829
ROU,Romania,2017,64.2992041245
RUS,Russia,2017,55.9847260548
RWA,Rwanda,2017,51.5453986753
SAU,Saudi Arabia,2017,55.3890374287
SEN,Senegal,2017,52.0043450794
SRB,Serbia,2017,59.7863442317
SYC,Seychelles,2017,63.017674413
SLE,Sierra Leone,2017,43.3331557925
SGP,Singapore,2017,77.9677954668
SVK,Slovakia,2017,68.9757600816
SVN,Slovenia,2017,73.3225297662
SOM,Somalia,2017,33.4648324654
ZAF,South Africa,2017,59.8473885984
KOR,"Korea, Republic of",2017,71.6549626362
SSD,South Sudan,2017,29.9428982768
ESP,Spain,2017,74.3652841421
LKA,Sri Lanka,2017,57.7430433994
SDN,Sudan,2017,36.7666652636
SUR,Suriname,2017,58.3279946626
SWE,Sweden,2017,83.1899535168
CHE,Switzerland,2017,83.3397981683
SYR,Syria,2017,36.4964802019
STP,São Tomé and Príncipe,2017,55.4963317348
TWN,"Taiwan, China",2017,76.4790889448
TJK,Tajikistan,2017,49.8290453941
TZA,Tanzania,2017,48.2792289598
THA,Thailand,2017,58.9665341662
GMB,The Gambia,2017,45.6134911776
TGO,Togo,2017,43.4029951717
TTO,Trinidad and Tobago,2017,61.8050228859
TUN,Tunisia,2017,54.9712463713
TUR,Turkiye,2017,58.2373995762
TKM,Turkmenistan,2017,49.8311054737
UGA,Uganda,2017,46.2394008701
UKR,Ukraine,2017,52.8624949247
ARE,United Arab Emirates,2017,66.6141861424
GBR,United Kingdom,2017,80.5622473385
USA,United States,2017,78.0043489941
URY,Uruguay,2017,69.4704108254
UZB,Uzbekistan,2017,50.9806123423
VEN,"Venezuela, RB",2017,46.6970221569
VNM,Viet Nam,2017,56.4727505311
YEM,"Yemen, Republic of",2017,33.25195458
ZMB,Zambia,2017,48.8378001475
ZWE,Zimbabwe,2017,43.5353068011
AFG,Afghanistan,2018,35.2175537652
ALB,Albania,2018,59.6771002102
DZA,Algeria,2018,50.1212751508
AGO,Angola,2018,39.264388133
ARG,Argentina,2018,60.5847390818
ARM,Armenia,2018,57.8139005634
AUS,Australia,2018,79.3481471891
AUT,Austria,2018,79.7716845328
AZE,Azerbaijan,2018,53.5366531087
BHR,Bahrain,2018,60.3213884634
BGD,Bangladesh,2018,47.2497859
BLR,Belarus,2018,57.4662819433
BEL,Belgium,2018,77.3702895771
BLZ,Belize,2018,55.5310409822
BEN,Benin,2018,46.6686475512
BOL,Bolivia,2018,53.3569757374
BIH,Bosnia and Herzegovina,2018,57.8715578829
BWA,Botswana,2018,57.4646611771
BRA,Brazil,2018,60.8771074877
BGR,Bulgaria,2018,63.7526287545
BFA,Burkina Faso,2018,46.0039191431
BDI,Burundi,2018,36.8870594976
CPV,Cape Verde,2018,57.2629503225
KHM,Cambodia,2018,48.8421781671
CMR,Cameroon,2018,42.5461292778
CAN,Canada,2018,79.8743703165
CAF,Central African Republic,2018,31.9210995654
TCD,Chad,2018,34.5214305236
CHL,Chile,2018,69.5389610726
CHN,China,2018,59.2854668129
COL,Colombia,2018,58.7313718888
COM,Comoros,2018,47.5969116791
COG,Congo,2018,41.9577869343
CRI,Costa Rica,2018,68.256031218
HRV,Croatia,2018,66.3724310793
CUB,Cuba,2018,53.6672973256
CYP,Cyprus,2018,70.0162280848
CZE,Czechia,2018,73.5366093523
CIV,Ivory Coast,2018,46.509142946
COD,"Congo, Democratic Republic of the",2018,36.1528456008
DNK,Denmark,2018,83.6570869481
DJI,Djibouti,2018,47.4145561424
DOM,Dominican Republic,2018,57.4687618215
ECU,Ecuador,2018,56.6413864519
EGY,"Egypt, Arab Republic of",2018,46.4517315371
SLV,El Salvador,2018,54.4788248442
GNQ,Equatorial Guinea,2018,46.081758184
ERI,Eritrea,2018,35.0990037096
EST,Estonia,2018,75.7661497828
SWZ,Swaziland,2018,45.0900032786
ETH,Ethiopia,2018,40.7042834285
FIN,Finland,2018,83.3158461142
FRA,France,2018,76.6415560112
GAB,Gabon,2018,48.7440387657
GEO,Georgia,2018,60.0751820424
DEU,Germany,2018,81.1170148438
GHA,Ghana,2018,53.9812120925
GRC,Greece,2018,65.7295179962
GTM,Guatemala,2018,53.8329435376
GIN,Guinea,2018,42.6229087781
GNB,Guinea-Bissau,2018,41.3863814604
GUY,Guyana,2018,56.1791367884
HTI,Haiti,2018,39.5628792902
HND,Honduras,2018,52.1684307949
HKG,Hong Kong,2018,78.9845126298
HUN,Hungary,2018,65.2094595065
ISL,Iceland,2018,80.6194444646
IND,India,2018,52.5950583769
IDN,Indonesia,2018,59.6498522152
IRN,"Iran, Islamic Republic of",2018,48.4806097993
IRQ,Iraq,2018,42.9963707543
IRL,Ireland,2018,80.8759650245
ISR,Israel,2018,71.5832069078
ITA,Italy,2018,71.1976893064
JAM,Jamaica,2018,60.6785324272
JPN,Japan,2018,77.5400149112
JOR,Jordan,2018,58.0186796918
KAZ,Kazakhstan,2018,58.3081739894
KEN,Kenya,2018,50.9863078785
KWT,Kuwait,2018,60.4188633338
KGZ,Kyrgyzstan,2018,54.5912858
LAO,Lao PDR,2018,48.4160150153
LVA,Latvia,2018,70.1400033401
LBN,Lebanon,2018,54.80605911
LSO,Lesotho,2018,44.9746199137
LBR,Liberia,2018,45.1483737516
LBY,Libya,2018,42.9694429263
LTU,Lithuania,2018,70.2401462816
LUX,Luxembourg,2018,81.404685652
MDG,Madagascar,2018,45.2159668802
MWI,Malawi,2018,47.046567795
MYS,Malaysia,2018,65.1143697003
MLI,Mali,2018,43.1476573757
MLT,Malta,2018,74.7925823321
MRT,Mauritania,2018,38.6343011035
MUS,Mauritius,2018,65.1488171349
MEX,Mexico,2018,58.7514125977
MDA,Moldova,2018,56.4707031181
MNG,Mongolia,2018,55.3194985497
MNE,Montenegro,2018,62.6826681987
MAR,Morocco,2018,54.57706451
MOZ,Mozambique,2018,43.6396131522
MMR,Myanmar,2018,45.6163128827
NAM,Namibia,2018,57.2728711947
NPL,Nepal,2018,50.3070182607
NLD,Netherlands,2018,82.5723227418
NZL,New Zealand,2018,81.648373969
NIC,Nicaragua,2018,52.6225471268
NER,Niger,2018,42.0667347254
NGA,Nigeria,2018,42.8945432581
MKD,North Macedonia,2018,61.0805100306
NOR,Norway,2018,83.2860124384
OMN,Oman,2018,58.231940448
PAK,Pakistan,2018,42.4774505458
PAN,Panama,2018,65.0907106747
PNG,Papua New Guinea,2018,46.9941827959
PRY,Paraguay,2018,57.9778151363
PER,Peru,2018,60.5051102502
PHL,Philippines,2018,56.7761655743
POL,Poland,2018,69.5844268017
PRT,Portugal,2018,73.8914435666
QAT,Qatar,2018,64.3506838255
ROU,Romania,2018,64.6803621419
RUS,Russia,2018,55.983233363
RWA,Rwanda,2018,51.389442841
SAU,Saudi Arabia,2018,56.2033088721
SEN,Senegal,2018,52.4484362111
SRB,Serbia,2018,60.8483640544
SYC,Seychelles,2018,62.7781390612
SLE,Sierra Leone,2018,42.7591043931
SGP,Singapore,2018,78.0527445546
SVK,Slovakia,2018,69.619453082
SVN,Slovenia,2018,73.5811998158
SOM,Somalia,2018,33.4402155102
ZAF,South Africa,2018,58.4058860692
KOR,"Korea, Republic of",2018,71.9748515176
SSD,South Sudan,2018,29.5337320484
ESP,Spain,2018,74.5587989092
LKA,Sri Lanka,2018,58.014193165
SDN,Sudan,2018,36.8295262506
SUR,Suriname,2018,57.7960613339
SWE,Sweden,2018,83.0665180238
CHE,Switzerland,2018,82.9888108303
SYR,Syria,2018,36.5756759682
STP,São Tomé and Príncipe,2018,55.9231007265
TWN,"Taiwan, China",2018,76.4785953891
TJK,Tajikistan,2018,49.5008313779
TZA,Tanzania,2018,47.9127158173
THA,Thailand,2018,59.4932315596
GMB,The Gambia,2018,46.9080354933
TGO,Togo,2018,43.5180324938
TTO,Trinidad and Tobago,2018,62.1069814161
TUN,Tunisia,2018,54.6436977649
TUR,Turkiye,2018,57.6780503607
TKM,Turkmenistan,2018,50.0166855097
UGA,Uganda,2018,46.1671845132
UKR,Ukraine,2018,53.4065196273
ARE,United Arab Emirates,2018,66.2246515098
GBR,United Kingdom,2018,80.8216814338
USA,United States,2018,78.0756329243
URY,Uruguay,2018,68.9287061194
UZB,Uzbekistan,2018,51.2955375641
VEN,"Venezuela, RB",2018,46.1437368701
VNM,Viet Nam,2018,56.1719210895
YEM,"Yemen, Republic of",2018,33.493973089
ZMB,Zambia,2018,48.7993386554
ZWE,Zimbabwe,2018,43.8222273639
AFG,Afghanistan,2019,34.5723026814
ALB,Albania,2019,60.1415869473
DZA,Algeria,2019,51.1285316555
AGO,Angola,2019,39.7888987415
ARG,Argentina,2019,61.425537476
ARM,Armenia,2019,59.0033189854
AUS,Australia,2019,79.4369411239
AUT,Austria,2019,79.6878545706
AZE,Azerbaijan,2019,54.4402216342
BHR,Bahrain,2019,60.1230841311
BGD,Bangladesh,2019,47.6444138046
BLR,Belarus,2019,58.551158547
BEL,Belgium,2019,77.0952199044
BLZ,Belize,2019,55.8748587908
BEN,Benin,2019,47.2431109955
BOL,Bolivia,2019,53.4106723018
BIH,Bosnia and Herzegovina,2019,57.8191983966
BWA,Botswana,2019,56.7601897123
BRA,Brazil,2019,59.6617120295
BGR,Bulgaria,2019,64.2002014803
BFA,Burkina Faso,2019,46.794827085
BDI,Burundi,2019,36.7244275561
CPV,Cape Verde,2019,57.2201325785
KHM,Cambodia,2019,48.8067813404
CMR,Cameroon,2019,43.24941017
CAN,Canada,2019,79.9623247998
CAF,Central African Republic,2019,32.4437429588
TCD,Chad,2019,34.6328949983
CHL,Chile,2019,70.2699544919
CHN,China,2019,60.3361775501
COL,Colombia,2019,58.5100070198
COM,Comoros,2019,47.8830509392
COG,Congo,2019,42.0187980606
CRI,Costa Rica,2019,68.5199915046
HRV,Croatia,2019,66.1932333439
CUB,Cuba,2019,53.5074704422
CYP,Cyprus,2019,70.7394671132
CZE,Czechia,2019,73.5836509798
CIV,Ivory Coast,2019,47.3543020209
COD,"Congo, Democratic Republic of the",2019,35.1229574539
DNK,Denmark,2019,83.9273515973
DJI,Djibouti,2019,47.5182315669
DOM,Dominican Republic,2019,58.3274139153
ECU,Ecuador,2019,56.8624851197
EGY,"Egypt, Arab Republic of",2019,46.2489417778
SLV,El Salvador,2019,55.1057089753
GNQ,Equatorial Guinea,2019,46.4074249136
ERI,Eritrea,2019,35.6022164167
EST,Estonia,2019,75.8921982326
SWZ,Swaziland,2019,45.6354621408
ETH,Ethiopia,2019,40.7846549229
FIN,Finland,2019,83.1988278328
FRA,France,2019,77.0803418613
GAB,Gabon,2019,48.5097039164
GEO,Georgia,2019,61.5959144488
DEU,Germany,2019,81.1778272946
GHA,Ghana,2019,54.243302833
GRC,Greece,2019,65.6838468241
GTM,Guatemala,2019,53.9288427337
GIN,Guinea,2019,43.3948065789
GNB,Guinea-Bissau,2019,41.8828111353
GUY,Guyana,2019,56.3163567795
HTI,Haiti,2019,40.9143941479
HND,Honduras,2019,52.900496916
HKG,Hong Kong,2019,79.0413535012
HUN,Hungary,2019,65.395483553
ISL,Iceland,2019,81.1277946386
IND,India,2019,54.2250916201
IDN,Indonesia,2019,60.1705815999
IRN,"Iran, Islamic Republic of",2019,48.9157548963
IRQ,Iraq,2019,43.2170677826
IRL,Ireland,2019,80.5582985807
ISR,Israel,2019,71.6400948599
ITA,Italy,2019,72.1110339356
JAM,Jamaica,2019,60.955165217
JPN,Japan,2019,78.0151811503
JOR,Jordan,2019,57.4829809757
KAZ,Kazakhstan,2019,58.2929835483
KEN,Kenya,2019,51.4899937888
KWT,Kuwait,2019,60.5343681237
KGZ,Kyrgyzstan,2019,56.2088634547
LAO,Lao PDR,2019,48.7346872924
LVA,Latvia,2019,70.4423533605
LBN,Lebanon,2019,54.2063507261
LSO,Lesotho,2019,45.0067168437
LBR,Liberia,2019,45.4603505984
LBY,Libya,2019,43.2448630512
LTU,Lithuania,2019,70.9802721743
LUX,Luxembourg,2019,81.5702511018
MDG,Madagascar,2019,45.2520885811
MWI,Malawi,2019,47.6178328433
MYS,Malaysia,2019,65.55080852
MLI,Mali,2019,42.6912719909
MLT,Malta,2019,75.0700350931
MRT,Mauritania,2019,38.8994882089
MUS,Mauritius,2019,65.7341475302
MEX,Mexico,2019,58.9152481944
MDA,Moldova,2019,57.1555988637
MNG,Mongolia,2019,56.0557215686
MNE,Montenegro,2019,63.1102337553
MAR,Morocco,2019,54.9383137339
MOZ,Mozambique,2019,43.0606367276
MMR,Myanmar,2019,46.2702951792
NAM,Namibia,2019,57.0107525571
NPL,Nepal,2019,50.7524795021
NLD,Netherlands,2019,82.3616777372
NZL,New Zealand,2019,81.4209779463
NIC,Nicaragua,2019,53.0804095739
NER,Niger,2019,41.7643965356
NGA,Nigeria,2019,42.7370901055
MKD,North Macedonia,2019,60.3365197972
NOR,Norway,2019,83.5927842464
OMN,Oman,2019,59.4691418043
PAK,Pakistan,2019,43.4018444147
PAN,Panama,2019,64.8400420845
PNG,Papua New Guinea,2019,46.7921180739
PRY,Paraguay,2019,58.3446931096
PER,Peru,2019,60.8192717444
PHL,Philippines,2019,57.2761903953
POL,Poland,2019,69.4553281282
PRT,Portugal,2019,74.5731257322
QAT,Qatar,2019,64.966214445
ROU,Romania,2019,65.841137776
RUS,Russia,2019,57.2606505962
RWA,Rwanda,2019,51.1976780232
SAU,Saudi Arabia,2019,56.9105705612
SEN,Senegal,2019,52.6436662938
SRB,Serbia,2019,61.9666229532
SYC,Seychelles,2019,63.6163940172
SLE,Sierra Leone,2019,43.0484502492
SGP,Singapore,2019,77.8288067003
SVK,Slovakia,2019,70.1162231108
SVN,Slovenia,2019,74.2460125028
SOM,Somalia,2019,34.7073595174
ZAF,South Africa,2019,57.7911440383
KOR,"Korea, Republic of",2019,72.4168452642
SSD,South Sudan,2019,29.434387379
ESP,Spain,2019,74.8674061942
LKA,Sri Lanka,2019,57.6416030303
SDN,Sudan,2019,36.8634962885
SUR,Suriname,2019,58.6423979589
SWE,Sweden,2019,83.291434419
CHE,Switzerland,2019,83.5039212058
SYR,Syria,2019,36.8193724977
STP,São Tomé and Príncipe,2019,56.6116894041
TWN,"Taiwan, China",2019,76.4024487939
TJK,Tajikistan,2019,50.0258085442
TZA,Tanzania,2019,48.4839019054
THA,Thailand,2019,60.0309884509
GMB,The Gambia,2019,48.8004786109
TGO,Togo,2019,43.7713498026
TTO,Trinidad and Tobago,2019,62.1879049331
TUN,Tunisia,2019,54.3058441873
TUR,Turkiye,2019,55.4739891985
TKM,Turkmenistan,2019,50.1044615236
UGA,Uganda,2019,45.9758174158
UKR,Ukraine,2019,54.3082821364
ARE,United Arab Emirates,2019,66.8966570297
GBR,United Kingdom,2019,80.882016074
USA,United States,2019,78.083482531
URY,Uruguay,2019,68.9389056768
UZB,Uzbekistan,2019,52.0200825416
VEN,"Venezuela, RB",2019,44.9949170698
VNM,Viet Nam,2019,56.9337100144
YEM,"Yemen, Republic of",2019,32.7418971862
ZMB,Zambia,2019,48.7702738309
ZWE,Zimbabwe,2019,44.649906002
AFG,Afghanistan,2020,34.580001157
ALB,Albania,2020,59.9288082267
DZA,Algeria,2020,51.9488086688
AGO,Angola,2020,39.972928972
ARG,Argentina,2020,61.5510688964
ARM,Armenia,2020,61.0381626087
AUS,Australia,2020,79.0488114705
AUT,Austria,2020,79.9408354101
AZE,Azerbaijan,2020,55.6974543711
BHR,Bahrain,2020,59.9301192088
BGD,Bangladesh,2020,47.7411797831
BLR,Belarus,2020,58.9171344365
BEL,Belgium,2020,77.0326673789
BLZ,Belize,2020,55.7218112813
BEN,Benin,2020,48.02415479
BOL,Bolivia,2020,53.4559377688
BIH,Bosnia and Herzegovina,2020,58.1931318021
BWA,Botswana,2020,57.3875280106
BRA,Brazil,2020,60.1938011305
BGR,Bulgaria,2020,64.3108479435
BFA,Burkina Faso,2020,46.0681232849
BDI,Burundi,2020,38.1213718075
CPV,Cape Verde,2020,57.9598170252
KHM,Cambodia,2020,48.9229903095
CMR,Cameroon,2020,42.5208249477
CAN,Canada,2020,79.5113334567
CAF,Central African Republic,2020,33.2293221309
TCD,Chad,2020,34.1515462712
CHL,Chile,2020,70.0053973458
CHN,China,2020,61.1992597943
COL,Colombia,2020,58.7050672215
COM,Comoros,2020,47.3733761362
COG,Congo,2020,42.6056817689
CRI,Costa Rica,2020,68.5619194036
HRV,Croatia,2020,66.6953515076
CUB,Cuba,2020,53.6225136711
CYP,Cyprus,2020,71.001354275
CZE,Czechia,2020,73.5061142147
CIV,Ivory Coast,2020,47.7564976071
COD,"Congo, Democratic Republic of the",2020,34.8701743369
DNK,Denmark,2020,84.2315304298
DJI,Djibouti,2020,48.1383341823
DOM,Dominican Republic,2020,58.7770614554
ECU,Ecuador,2020,57.1718447218
EGY,"Egypt, Arab Republic of",2020,48.0557073101
SLV,El Salvador,2020,55.6979375655
GNQ,Equatorial Guinea,2020,46.3688758176
ERI,Eritrea,2020,35.9036074762
EST,Estonia,2020,76.4312392346
SWZ,Swaziland,2020,45.5261446914
ETH,Ethiopia,2020,41.0578612768
FIN,Finland,2020,83.085596082
FRA,France,2020,76.8700055833
GAB,Gabon,2020,48.2882562244
GEO,Georgia,2020,61.7507425343
DEU,Germany,2020,81.1044049585
GHA,Ghana,2020,54.5137870206
GRC,Greece,2020,67.1045411554
GTM,Guatemala,2020,54.46384609
GIN,Guinea,2020,44.0777595377
GNB,Guinea-Bissau,2020,42.446188246
GUY,Guyana,2020,56.5262522732
HTI,Haiti,2020,40.7329924697
HND,Honduras,2020,53.1138642346
HKG,Hong Kong,2020,78.9579972868
HUN,Hungary,2020,66.1033262874
ISL,Iceland,2020,81.2813224035
IND,India,2020,53.9315510424
IDN,Indonesia,2020,60.412803574
IRN,"Iran, Islamic Republic of",2020,48.1564368321
IRQ,Iraq,2020,44.1556137754
IRL,Ireland,2020,80.859506278
ISR,Israel,2020,71.6120670613
ITA,Italy,2020,72.7135003894
JAM,Jamaica,2020,60.9353577968
JPN,Japan,2020,77.9386236566
JOR,Jordan,2020,57.7677867054
KAZ,Kazakhstan,2020,58.4723359739
KEN,Kenya,2020,51.2797531931
KWT,Kuwait,2020,60.2900032362
KGZ,Kyrgyzstan,2020,56.4128914331
LAO,Lao PDR,2020,49.9289424638
LVA,Latvia,2020,71.3975881226
LBN,Lebanon,2020,53.7771844967
LSO,Lesotho,2020,45.5715108958
LBR,Liberia,2020,45.2631325078
LBY,Libya,2020,43.0726195855
LTU,Lithuania,2020,71.1218731108
LUX,Luxembourg,2020,81.6317268421
MDG,Madagascar,2020,45.0152689493
MWI,Malawi,2020,47.3151527099
MYS,Malaysia,2020,66.424136197
MLI,Mali,2020,42.2973697557
MLT,Malta,2020,74.5602152271
MRT,Mauritania,2020,39.6983227043
MUS,Mauritius,2020,65.9522024267
MEX,Mexico,2020,59.8187365679
MDA,Moldova,2020,58.2014861525
MNG,Mongolia,2020,56.3049346621
MNE,Montenegro,2020,64.1287397101
MAR,Morocco,2020,54.5550236974
MOZ,Mozambique,2020,43.8923708946
MMR,Myanmar,2020,45.9145565912
NAM,Namibia,2020,56.6593634171
NPL,Nepal,2020,50.9800643059
NLD,Netherlands,2020,82.7098024073
NZL,New Zealand,2020,80.8740331412
NIC,Nicaragua,2020,51.2718101549
NER,Niger,2020,41.7529326143
NGA,Nigeria,2020,43.4197060876
MKD,North Macedonia,2020,61.1367841414
NOR,Norway,2020,83.488653208
OMN,Oman,2020,59.3485893119
PAK,Pakistan,2020,44.1179895923
PAN,Panama,2020,64.7072233416
PNG,Papua New Guinea,2020,46.634491561
PRY,Paraguay,2020,58.4925428219
PER,Peru,2020,61.1358584035
PHL,Philippines,2020,57.2679295415
POL,Poland,2020,69.7578777702
PRT,Portugal,2020,74.284736086
QAT,Qatar,2020,65.3217761694
ROU,Romania,2020,65.3506244482
RUS,Russia,2020,57.1268631311
RWA,Rwanda,2020,51.7610953772
SAU,Saudi Arabia,2020,57.5293906645
SEN,Senegal,2020,53.1451450723
SRB,Serbia,2020,62.0052527107
SYC,Seychelles,2020,64.4221891139
SLE,Sierra Leone,2020,43.245454832
SGP,Singapore,2020,77.8807774294
SVK,Slovakia,2020,70.1781351014
SVN,Slovenia,2020,74.4174232819
SOM,Somalia,2020,34.4321620792
ZAF,South Africa,2020,57.7959981131
KOR,"Korea, Republic of",2020,73.3015078452
SSD,South Sudan,2020,29.5108247198
ESP,Spain,2020,75.5287015189
LKA,Sri Lanka,2020,57.7017894285
SDN,Sudan,2020,36.6564294796
SUR,Suriname,2020,57.9880750754
SWE,Sweden,2020,82.8469973372
CHE,Switzerland,2020,83.3565768286
SYR,Syria,2020,36.8960312034
STP,São Tomé and Príncipe,2020,56.8294592765
TWN,"Taiwan, China",2020,76.8759225533
TJK,Tajikistan,2020,51.3137198305
TZA,Tanzania,2020,48.6165902406
THA,Thailand,2020,60.2365193148
GMB,The Gambia,2020,50.0562677102
TGO,Togo,2020,44.6943254562
TTO,Trinidad and Tobago,2020,61.624674997
TUN,Tunisia,2020,54.4771183351
TUR,Turkiye,2020,55.5806188328
TKM,Turkmenistan,2020,51.4057570433
UGA,Uganda,2020,46.2286377993
UKR,Ukraine,2020,55.6479930823
ARE,United Arab Emirates,2020,66.4878367945
GBR,United Kingdom,2020,80.2933562521
USA,United States,2020,77.3983026693
URY,Uruguay,2020,68.9861821723
UZB,Uzbekistan,2020,52.6454327414
VEN,"Venezuela, RB",2020,44.3865487804
VNM,Viet Nam,2020,57.7758828803
YEM,"Yemen, Republic of",2020,32.5679603202
ZMB,Zambia,2020,47.935805199
ZWE,Zimbabwe,2020,45.06808797
AFG,Afghanistan,2021,34.8719830355
ALB,Albania,2021,59.8264182072
DZA,Algeria,2021,51.951701447
AGO,Angola,2021,39.6134379784
ARG,Argentina,2021,61.4941223687
ARM,Armenia,2021,61.9767114858
AUS,Australia,2021,78.891738172
AUT,Austria,2021,79.9659816343
AZE,Azerbaijan,2021,56.0284318
BHR,Bahrain,2021,59.8707212778
BGD,Bangladesh,2021,47.6353287396
BLR,Belarus,2021,59.5238821846
BEL,Belgium,2021,76.7219472984
BLZ,Belize,2021,55.8024595399
BEN,Benin,2021,48.1903445233
BOL,Bolivia,2021,52.8471268552
BIH,Bosnia and Herzegovina,2021,58.5214511679
BWA,Botswana,2021,57.8010509502
BRA,Brazil,2021,60.2284267869
BGR,Bulgaria,2021,65.4186983246
BFA,Burkina Faso,2021,45.7993566128
BDI,Burundi,2021,38.1519557955
CPV,Cape Verde,2021,58.2515800926
KHM,Cambodia,2021,49.1098964267
CMR,Cameroon,2021,42.5878933918
CAN,Canada,2021,79.1589753093
CAF,Central African Republic,2021,33.2937015973
TCD,Chad,2021,34.3881489096
CHL,Chile,2021,69.2185230408
CHN,China,2021,61.4623578343
COL,Colombia,2021,58.7277390711
COM,Comoros,2021,46.9841704601
COG,Congo,2021,42.4884160321
CRI,Costa Rica,2021,68.8000697756
HRV,Croatia,2021,67.5005617536
CUB,Cuba,2021,53.7750359159
CYP,Cyprus,2021,71.2171667408
CZE,Czechia,2021,74.0935682283
CIV,Ivory Coast,2021,48.6033659217
COD,"Congo, Democratic Republic of the",2021,35.6179476392
DNK,Denmark,2021,84.2688393765
DJI,Djibouti,2021,48.2955242769
DOM,Dominican Republic,2021,59.0812327321
ECU,Ecuador,2021,57.1864900326
EGY,"Egypt, Arab Republic of",2021,48.4126884176
SLV,El Salvador,2021,55.8063136215
GNQ,Equatorial Guinea,2021,46.3703957122
ERI,Eritrea,2021,35.9170484433
EST,Estonia,2021,76.5087390782
SWZ,Swaziland,2021,46.1221999256
ETH,Ethiopia,2021,42.2783764348
FIN,Finland,2021,82.9938674904
FRA,France,2021,76.7692994365
GAB,Gabon,2021,48.247196519
GEO,Georgia,2021,62.2092473697
DEU,Germany,2021,81.1107356918
GHA,Ghana,2021,54.6230504363
GRC,Greece,2021,67.7118438266
GTM,Guatemala,2021,54.0182186803
GIN,Guinea,2021,44.0931266306
GNB,Guinea-Bissau,2021,42.6472910275
GUY,Guyana,2021,56.2850549859
HTI,Haiti,2021,40.2158979784
HND,Honduras,2021,52.7426580333
HKG,Hong Kong,2021,78.1054395542
HUN,Hungary,2021,66.3682731997
ISL,Iceland,2021,80.7158021085
IND,India,2021,54.0338167419
IDN,Indonesia,2021,60.9987095985
IRN,"Iran, Islamic Republic of",2021,47.975334882
IRQ,Iraq,2021,43.9138805209
IRL,Ireland,2021,80.4649523869
ISR,Israel,2021,72.1178803179
ITA,Italy,2021,72.7084430866
JAM,Jamaica,2021,61.4042125836
JPN,Japan,2021,78.0016709499
JOR,Jordan,2021,57.7143765412
KAZ,Kazakhstan,2021,59.3181340583
KEN,Kenya,2021,51.2051075096
KWT,Kuwait,2021,60.4082719667
KGZ,Kyrgyzstan,2021,56.3425906131
LAO,Lao PDR,2021,50.2900271614
LVA,Latvia,2021,72.132284977
LBN,Lebanon,2021,53.7159653936
LSO,Lesotho,2021,45.9263289404
LBR,Liberia,2021,44.8164413284
LBY,Libya,2021,42.6139099153
LTU,Lithuania,2021,71.2129394569
LUX,Luxembourg,2021,81.6216974386
MDG,Madagascar,2021,45.279873645
MWI,Malawi,2021,47.0819549853
MYS,Malaysia,2021,67.5131874294
MLI,Mali,2021,42.8429012495
MLT,Malta,2021,74.5809314736
MRT,Mauritania,2021,40.8864099096
MUS,Mauritius,2021,65.8622761084
MEX,Mexico,2021,59.7701025063
MDA,Moldova,2021,58.1472771896
MNG,Mongolia,2021,56.6749440809
MNE,Montenegro,2021,64.3716417943
MAR,Morocco,2021,54.8542053647
MOZ,Mozambique,2021,43.567772811
MMR,Myanmar,2021,46.1837191625
NAM,Namibia,2021,56.5283765857
NPL,Nepal,2021,51.0758462247
NLD,Netherlands,2021,82.2390592593
NZL,New Zealand,2021,80.8463662956
NIC,Nicaragua,2021,50.8231175722
NER,Niger,2021,42.0247056414
NGA,Nigeria,2021,43.6341211303
MKD,North Macedonia,2021,61.1526295768
NOR,Norway,2021,83.1600961438
OMN,Oman,2021,59.1793447201
PAK,Pakistan,2021,44.3444784338
PAN,Panama,2021,64.4253273478
PNG,Papua New Guinea,2021,46.4245032606
PRY,Paraguay,2021,58.608375142
PER,Peru,2021,61.3826184687
PHL,Philippines,2021,57.331998402
POL,Poland,2021,70.0718150712
PRT,Portugal,2021,74.2726383382
QAT,Qatar,2021,65.6607602476
ROU,Romania,2021,65.7093764022
RUS,Russia,2021,58.1758893945
RWA,Rwanda,2021,51.1524996441
SAU,Saudi Arabia,2021,57.744617665
SEN,Senegal,2021,53.3332201435
SRB,Serbia,2021,62.1647808408
SYC,Seychelles,2021,63.8838277105
SLE,Sierra Leone,2021,43.2638795878
SGP,Singapore,2021,78.2210082877
SVK,Slovakia,2021,70.4013447636
SVN,Slovenia,2021,74.7676813029
SOM,Somalia,2021,34.740819406
ZAF,South Africa,2021,57.8806144372
KOR,"Korea, Republic of",2021,73.4966362217
SSD,South Sudan,2021,29.6536512713
ESP,Spain,2021,75.6651492658
LKA,Sri Lanka,2021,57.2140567861
SDN,Sudan,2021,37.2212345211
SUR,Suriname,2021,58.0653454581
SWE,Sweden,2021,83.2259160426
CHE,Switzerland,2021,83.3514512851
SYR,Syria,2021,36.8430628125
STP,São Tomé and Príncipe,2021,57.032415428
TWN,"Taiwan, China",2021,77.2788548859
TJK,Tajikistan,2021,51.1263704441
TZA,Tanzania,2021,49.1084861073
THA,Thailand,2021,60.9440555789
GMB,The Gambia,2021,50.6709899732
TGO,Togo,2021,44.1657582213
TTO,Trinidad and Tobago,2021,61.8905876663
TUN,Tunisia,2021,54.115872353
TUR,Turkiye,2021,55.4605029172
TKM,Turkmenistan,2021,52.0120450435
UGA,Uganda,2021,46.5066940319
UKR,Ukraine,2021,56.7764705036
ARE,United Arab Emirates,2021,66.5995689808
GBR,United Kingdom,2021,80.0168275124
USA,United States,2021,77.3815867007
URY,Uruguay,2021,69.4042120059
UZB,Uzbekistan,2021,53.1405779862
VEN,"Venezuela, RB",2021,43.6769230731
VNM,Viet Nam,2021,58.2273132009
YEM,"Yemen, Republic of",2021,32.8225733982
ZMB,Zambia,2021,47.2660047043
ZWE,Zimbabwe,2021,44.4352415705
AFG,Afghanistan,2022,34.8721622169
ALB,Albania,2022,59.9649089874
DZA,Algeria,2022,51.9363843056
AGO,Angola,2022,40.3284537968
ARG,Argentina,2022,61.4897929775
ARM,Armenia,2022,61.2175195043
AUS,Australia,2022,79.0315380778
AUT,Austria,2022,79.8380554918
AZE,Azerbaijan,2022,56.0926905873
BHR,Bahrain,2022,60.5493809597
BGD,Bangladesh,2022,48.2866053307
BLR,Belarus,2022,58.9791005694
BEL,Belgium,2022,77.1770327747
BLZ,Belize,2022,56.0821072607
BEN,Benin,2022,48.8681860426
BOL,Bolivia,2022,52.679235546
BIH,Bosnia and Herzegovina,2022,58.8627609257
BWA,Botswana,2022,57.5744192658
BRA,Brazil,2022,60.1724284188
BGR,Bulgaria,2022,65.523165255
BFA,Burkina Faso,2022,45.6865416472
BDI,Burundi,2022,37.8881612502
CPV,Cape Verde,2022,58.2087160863
KHM,Cambodia,2022,49.5023508732
CMR,Cameroon,2022,42.6775665281
CAN,Canada,2022,79.1593629279
CAF,Central African Republic,2022,32.906950737
TCD,Chad,2022,34.37885722
CHL,Chile,2022,69.4577703693
CHN,China,2022,61.3530784071
COL,Colombia,2022,58.3876524462
COM,Comoros,2022,47.1350531253
COG,Congo,2022,42.9376705268
CRI,Costa Rica,2022,69.1900778866
HRV,Croatia,2022,68.2987145877
CUB,Cuba,2022,53.5393816574
CYP,Cyprus,2022,71.7723809748
CZE,Czechia,2022,74.6188060806
CIV,Ivory Coast,2022,48.4205780346
COD,"Congo, Democratic Republic of the",2022,35.7790782137
DNK,Denmark,2022,84.1157734188
DJI,Djibouti,2022,48.3625800049
DOM,Dominican Republic,2022,59.450430995
ECU,Ecuador,2022,57.6639115239
EGY,"Egypt, Arab Republic of",2022,48.1626113584
SLV,El Salvador,2022,55.2544409731
GNQ,Equatorial Guinea,2022,46.4513049021
ERI,Eritrea,2022,36.1527476619
EST,Estonia,2022,77.0432861812
SWZ,Swaziland,2022,46.0843265451
ETH,Ethiopia,2022,42.8284050431
FIN,Finland,2022,83.353303239
FRA,France,2022,76.4688095099
GAB,Gabon,2022,48.6102079658
GEO,Georgia,2022,62.4079913988
DEU,Germany,2022,80.9492821747
GHA,Ghana,2022,54.5872309556
GRC,Greece,2022,67.7205490762
GTM,Guatemala,2022,54.0846184342
GIN,Guinea,2022,44.6159854816
GNB,Guinea-Bissau,2022,43.0403241856
GUY,Guyana,2022,56.7015182911
HTI,Haiti,2022,40.118209403
HND,Honduras,2022,52.9897963834
HKG,Hong Kong,2022,77.6025600575
HUN,Hungary,2022,66.8112812149
ISL,Iceland,2022,80.6865106421
IND,India,2022,54.2086595654
IDN,Indonesia,2022,60.663391069
IRN,"Iran, Islamic Republic of",2022,47.7198812475
IRQ,Iraq,2022,44.1709768969
IRL,Ireland,2022,80.4108859489
ISR,Israel,2022,72.3121877179
ITA,Italy,2022,72.8861543848
JAM,Jamaica,2022,61.3709216424
JPN,Japan,2022,78.1310301731
JOR,Jordan,2022,57.4336777982
KAZ,Kazakhstan,2022,59.571559621
KEN,Kenya,2022,51.321032971
KWT,Kuwait,2022,60.4293104133
KGZ,Kyrgyzstan,2022,55.9863108749
LAO,Lao PDR,2022,50.2201626913
LVA,Latvia,2022,72.299014914
LBN,Lebanon,2022,52.5510074938
LSO,Lesotho,2022,45.5778086864
LBR,Liberia,2022,44.8029175278
LBY,Libya,2022,42.7811713535
LTU,Lithuania,2022,72.1177732576
LUX,Luxembourg,2022,81.628969295
MDG,Madagascar,2022,44.9604357969
MWI,Malawi,2022,47.6928021936
MYS,Malaysia,2022,67.0903501176
MLI,Mali,2022,42.2381653538
MLT,Malta,2022,74.6454223029
MRT,Mauritania,2022,41.0918336027
MUS,Mauritius,2022,65.7349674797
MEX,Mexico,2022,59.254678157
MDA,Moldova,2022,59.2437434483
MNG,Mongolia,2022,56.9573134925
MNE,Montenegro,2022,65.1314634477
MAR,Morocco,2022,54.8998797293
MOZ,Mozambique,2022,43.1093401518
MMR,Myanmar,2022,46.028514011
NAM,Namibia,2022,56.1489640388
NPL,Nepal,2022,51.4263057563
NLD,Netherlands,2022,82.2874203424
NZL,New Zealand,2022,80.4195716345
NIC,Nicaragua,2022,50.6577191389
NER,Niger,2022,42.0874859272
NGA,Nigeria,2022,43.5844804813
MKD,North Macedonia,2022,61.6523176306
NOR,Norway,2022,83.5867785754
OMN,Oman,2022,59.4567696842
PAK,Pakistan,2022,44.8081023564
PAN,Panama,2022,64.1982797332
PNG,Papua New Guinea,2022,46.6980541287
PRY,Paraguay,2022,58.6320656247
PER,Peru,2022,60.8518183133
PHL,Philippines,2022,57.1976699126
POL,Poland,2022,70.2393699387
PRT,Portugal,2022,74.6139332794
QAT,Qatar,2022,65.5676268104
ROU,Romania,2022,66.2143771581
RUS,Russia,2022,58.7220978023
RWA,Rwanda,2022,51.4472576058
SAU,Saudi Arabia,2022,58.0171703813
SEN,Senegal,2022,53.2877537092
SRB,Serbia,2022,62.5476501092
SYC,Seychelles,2022,63.8964259167
SLE,Sierra Leone,2022,43.2629610896
SGP,Singapore,2022,77.9455753208
SVK,Slovakia,2022,70.8706442657
SVN,Slovenia,2022,74.7149100581
SOM,Somalia,2022,34.4661036592
ZAF,South Africa,2022,58.1924028559
KOR,"Korea, Republic of",2022,73.6328096611
SSD,South Sudan,2022,29.7525800931
ESP,Spain,2022,75.9782502673
LKA,Sri Lanka,2022,56.7220972937
SDN,Sudan,2022,37.8642249812
SUR,Suriname,2022,58.0679285254
SWE,Sweden,2022,83.4092177599
CHE,Switzerland,2022,83.3142340229
SYR,Syria,2022,37.0765133259
STP,São Tomé and Príncipe,2022,56.8589034535
TWN,"Taiwan, China",2022,77.4336478916
TJK,Tajikistan,2022,51.0573646562
TZA,Tanzania,2022,49.3580346398
THA,Thailand,2022,60.550749548
GMB,The Gambia,2022,50.1759879715
TGO,Togo,2022,45.0928489976
TTO,Trinidad and Tobago,2022,61.739690129
TUN,Tunisia,2022,54.4947378898
TUR,Turkiye,2022,55.4507906927
TKM,Turkmenistan,2022,52.2962331843
UGA,Uganda,2022,46.8477694862
UKR,Ukraine,2022,58.058342848
ARE,United Arab Emirates,2022,66.2249600649
GBR,United Kingdom,2022,80.0262480942
USA,United States,2022,77.0287805941
URY,Uruguay,2022,69.5724302773
UZB,Uzbekistan,2022,53.1241446172
VEN,"Venezuela, RB",2022,43.4889408969
VNM,Viet Nam,2022,58.4095054903
YEM,"Yemen, Republic of",2022,32.9327088035
ZMB,Zambia,2022,47.5232849475
ZWE,Zimbabwe,2022,44.4312876494
AFG,Afghanistan,2023,34.178026474
ALB,Albania,2023,60.6877028985
DZA,Algeria,2023,52.1264245078
AGO,Angola,2023,40.5479096016
ARG,Argentina,2023,61.3770131027
ARM,Armenia,2023,60.9192357171
AUS,Australia,2023,79.3613061292
AUT,Austria,2023,79.383043057
AZE,Azerbaijan,2023,56.2628481034
BHR,Bahrain,2023,60.9169490913
BGD,Bangladesh,2023,47.8675556402
BLR,Belarus,2023,58.3960516167
BEL,Belgium,2023,77.8447868146
BLZ,Belize,2023,55.9136969877
BEN,Benin,2023,48.2159510026
BOL,Bolivia,2023,53.1318214284
BIH,Bosnia and Herzegovina,2023,59.1107874774
BWA,Botswana,2023,57.8317180098
BRA,Brazil,2023,60.0670660086
BGR,Bulgaria,2023,65.5509573965
BFA,Burkina Faso,2023,45.1241623165
BDI,Burundi,2023,38.2018197529
CPV,Cape Verde,2023,58.3428215111
KHM,Cambodia,2023,49.1886353069
CMR,Cameroon,2023,43.0849447185
CAN,Canada,2023,79.6241145153
CAF,Central African Republic,2023,32.830033389
TCD,Chad,2023,34.6854887026
CHL,Chile,2023,70.17829445
CHN,China,2023,62.1467271176
COL,Colombia,2023,58.0070068459
COM,Comoros,2023,46.9323906574
COG,Congo,2023,42.8220357246
CRI,Costa Rica,2023,69.5919390254
HRV,Croatia,2023,68.239649974
CUB,Cuba,2023,53.436969762
CYP,Cyprus,2023,71.8248882005
CZE,Czechia,2023,75.0777865006
CIV,Ivory Coast,2023,48.5916822129
COD,"Congo, Democratic Republic of the",2023,35.7388553523
DNK,Denmark,2023,84.5523282178
DJI,Djibouti,2023,48.4666069082
DOM,Dominican Republic,2023,59.8479974118
ECU,Ecuador,2023,57.4237111626
EGY,"Egypt, Arab Republic of",2023,48.5669508674
SLV,El Salvador,2023,55.0515774173
GNQ,Equatorial Guinea,2023,46.5882503955
ERI,Eritrea,2023,36.0235937481
EST,Estonia,2023,77.3103922596
SWZ,Swaziland,2023,45.364668553
ETH,Ethiopia,2023,41.8728868875
FIN,Finland,2023,83.4705927972
FRA,France,2023,76.7276554934
GAB,Gabon,2023,48.8417377589
GEO,Georgia,2023,62.2845653397
DEU,Germany,2023,80.8088220649
GHA,Ghana,2023,54.6637797482
GRC,Greece,2023,68.483520926
GTM,Guatemala,2023,53.7311788403
GIN,Guinea,2023,44.4737014906
GNB,Guinea-Bissau,2023,42.7763248932
GUY,Guyana,2023,56.9316606304
HTI,Haiti,2023,39.8245845346
HND,Honduras,2023,53.2452184592
HKG,Hong Kong,2023,76.9043939613
HUN,Hungary,2023,66.8788700776
ISL,Iceland,2023,81.0187606011
IND,India,2023,53.6630982714
IDN,Indonesia,2023,60.875709858
IRN,"Iran, Islamic Republic of",2023,47.7083926936
IRQ,Iraq,2023,44.6594073411
IRL,Ireland,2023,80.314396116
ISR,Israel,2023,72.2498620702
ITA,Italy,2023,73.0305730676
JAM,Jamaica,2023,61.3855864983
JPN,Japan,2023,78.2230089973
JOR,Jordan,2023,57.1380725357
KAZ,Kazakhstan,2023,59.5286722233
KEN,Kenya,2023,52.2499939662
KWT,Kuwait,2023,60.9288417905
KGZ,Kyrgyzstan,2023,55.7460568967
LAO,Lao PDR,2023,50.1836389228
LVA,Latvia,2023,72.989503437
LBN,Lebanon,2023,51.3827133845
LSO,Lesotho,2023,45.6211816459
LBR,Liberia,2023,44.7851712961
LBY,Libya,2023,43.4562894338
LTU,Lithuania,2023,72.5431207688
LUX,Luxembourg,2023,81.8275507143
MDG,Madagascar,2023,44.9403591131
MWI,Malawi,2023,47.8265701494
MYS,Malaysia,2023,66.8377094086
MLI,Mali,2023,42.3582929918
MLT,Malta,2023,74.3620238374
MRT,Mauritania,2023,41.2308504306
MUS,Mauritius,2023,65.6457033584
MEX,Mexico,2023,59.296074502
MDA,Moldova,2023,59.4351736471
MNG,Mongolia,2023,57.0677391755
MNE,Montenegro,2023,65.0112031611
MAR,Morocco,2023,55.1928269445
MOZ,Mozambique,2023,42.704087561
MMR,Myanmar,2023,43.6591677181
NAM,Namibia,2023,56.3788210736
NPL,Nepal,2023,51.5687966826
NLD,Netherlands,2023,82.3177821762
NZL,New Zealand,2023,80.4719855562
NIC,Nicaragua,2023,50.2161512166
NER,Niger,2023,42.2616867876
NGA,Nigeria,2023,44.0026838313
MKD,North Macedonia,2023,61.9546134733
NOR,Norway,2023,83.5934363043
OMN,Oman,2023,59.8504067686
PAK,Pakistan,2023,45.1010213591
PAN,Panama,2023,64.3242529248
PNG,Papua New Guinea,2023,46.6400203213
PRY,Paraguay,2023,58.556206925
PER,Peru,2023,61.2710725931
PHL,Philippines,2023,57.525712376
POL,Poland,2023,70.1546234936
PRT,Portugal,2023,74.6373865947
QAT,Qatar,2023,66.243000506
ROU,Romania,2023,66.4024854848
RUS,Russia,2023,58.5025674191
RWA,Rwanda,2023,51.5572321739
SAU,Saudi Arabia,2023,58.3528618438
SEN,Senegal,2023,53.6769937838
SRB,Serbia,2023,62.7507294776
SYC,Seychelles,2023,63.6545062877
SLE,Sierra Leone,2023,43.6219111115
SGP,Singapore,2023,78.2133753899
SVK,Slovakia,2023,71.1489068094
SVN,Slovenia,2023,74.5447796354
SOM,Somalia,2023,34.391722334
ZAF,South Africa,2023,58.671798829
KOR,"Korea, Republic of",2023,74.0657175754
SSD,South Sudan,2023,30.4039895639
ESP,Spain,2023,76.0335919683
LKA,Sri Lanka,2023,56.3409106663
SDN,Sudan,2023,36.9713137867
SUR,Suriname,2023,57.9140996141
SWE,Sweden,2023,83.6708089497
CHE,Switzerland,2023,83.4235684844
SYR,Syria,2023,36.8260899622
STP,São Tomé and Príncipe,2023,57.0862743656
TWN,"Taiwan, China",2023,77.3608565928
TJK,Tajikistan,2023,51.201596956
TZA,Tanzania,2023,49.1961934722
THA,Thailand,2023,60.791519138
GMB,The Gambia,2023,50.10003694
TGO,Togo,2023,45.5168088069
TTO,Trinidad and Tobago,2023,61.9110233996
TUN,Tunisia,2023,54.4575451107
TUR,Turkiye,2023,55.49648177
TKM,Turkmenistan,2023,52.3823058967
UGA,Uganda,2023,46.8319502378
UKR,Ukraine,2023,58.8430920295
ARE,United Arab Emirates,2023,66.6882599731
GBR,United Kingdom,2023,79.9490767762
USA,United States,2023,77.4394278196
URY,Uruguay,2023,69.6876809751
UZB,Uzbekistan,2023,53.8008993687
VEN,"Venezuela, RB",2023,43.5977424152
VNM,Viet Nam,2023,58.858573503
YEM,"Yemen, Republic of",2023,32.6504115312
ZMB,Zambia,2023,47.1413887368
ZWE,Zimbabwe,2023,44.6652306704
